"id","uuid","title","language","financial","fname","lname","mname","DOB","street","postal_code","city","state","country_code","drivers_license","ss","occupation","phone_home","phone_biz","phone_contact","phone_cell","pharmacy_id","status","contact_relationship","date","sex","referrer","referrerID","providerID","ref_providerID","email","email_direct","ethnoracial","race","ethnicity","religion","interpretter","migrantseasonal","family_size","monthly_income","billing_note","homeless","financial_review","pubpid","pid","genericname1","genericval1","genericname2","genericval2","hipaa_mail","hipaa_voice","hipaa_notice","hipaa_message","hipaa_allowsms","hipaa_allowemail","squad","fitness","referral_source","usertext1","usertext2","usertext3","usertext4","usertext5","usertext6","usertext7","usertext8","userlist1","userlist2","userlist3","userlist4","userlist5","userlist6","userlist7","pricelevel","regdate","contrastart","completed_ad","ad_reviewed","vfc","mothersname","guardiansname","allow_imm_reg_use","allow_imm_info_share","allow_health_info_ex","allow_patient_portal","deceased_date","deceased_reason","soap_import_status","cmsportal_login","care_team_provider","care_team_facility","care_team_status","county","industry","imm_reg_status","imm_reg_stat_effdate","publicity_code","publ_code_eff_date","protect_indicator","prot_indi_effdate","guardianrelationship","guardiansex","guardianaddress","guardiancity","guardianstate","guardianpostalcode","guardiancountry","guardianphone","guardianworkphone","guardianemail","sexual_orientation","gender_identity","birth_fname","birth_lname","birth_mname","dupscore","name_history","suffix","street_line_2","patient_groups","prevent_portal_apps","provider_since_date","created_by","updated_by","preferred_name","nationality_country","last_updated"
"1","ü‡cy‚û@ÃØÈÜ∫NeN©"," ","italian"," ","Mattia","Cozzi"," ","1987-02-27","VIA ANTONIO PORPORA","20177","MILANO","Lombardia","Italia","CRTID001","GRGMCZ87S30A123L","Docente"," "," "," ","7848748887","0"," "," ","2025-09-14 13:50:01","Male"," "," ","6","0","mattiacozzi@example.com"," "," "," "," "," "," "," "," "," "," "," ","0000-00-00 00:00:00","1","1"," "," "," "," "," "," "," "," "," "," "," ","0"," "," "," "," "," "," "," "," "," "," "," "," "," "," "," "," ","standard","2025-09-14 00:34:26","0000-00-00","NO","0000-00-00"," "," "," "," "," "," "," ","0000-00-00 00:00:00"," ","0"," "," "," ","active","Milano"," "," "," "," "," "," "," "," "," "," "," "," "," "," "," "," "," "," "," "," "," "," ","0"," "," "," "," "," "," ","1","1"," "," ","2025-09-14 16:41:44"
"2","ü‡cy„}AÁã÷ıO>ú"," ","italian"," ","Andrea","Cozzi"," ","1987-12-12","VIA GATTINI 5","20158","MILANO","Lombardia","Italia","CRTID002","FNTGRG95D55F839K","Infermiere"," "," "," ","3484782243","0"," "," ","2025-09-14 13:38:03","Male"," "," ","6","0","mattiacozzi@example.com"," "," "," "," "," "," "," "," "," "," "," ","0000-00-00 00:00:00","2","2"," "," "," "," "," "," "," "," "," "," "," ","0"," "," "," "," "," "," "," "," "," "," "," "," "," "," "," "," ","standard","2025-09-14 13:38:03","0000-00-00","NO","0000-00-00"," "," "," "," "," "," "," ","0000-00-00 00:00:00"," ","0"," "," "," ","active","Milano"," "," "," "," "," "," "," "," "," "," "," "," "," "," "," "," "," "," "," "," "," "," ","14"," "," "," "," "," "," ","1","1"," "," ","2025-09-14 16:41:44"
"3","ü‡cy„ÅI¥?ﬂaœµ"," ","italian"," ","Alice","Spada"," ","1986-05-08","VIA GATTACCI 8","20987","PADERNO DUGNANO","Lombardia","Italia","CRTID003","RVACRL83A03A321U","Pilota"," "," "," ","3458743747","0"," "," ","2025-09-14 13:48:21","Female"," "," ","7","0","alicespada@example.com"," "," "," "," "," "," "," "," "," "," "," ","0000-00-00 00:00:00","3","3"," "," "," "," "," "," "," "," "," "," "," ","0"," "," "," "," "," "," "," "," "," "," "," "," "," "," "," "," ","standard","2025-09-14 13:40:30","0000-00-00","NO","0000-00-00"," "," "," "," "," "," "," ","0000-00-00 00:00:00"," ","0"," "," "," ","active","Milano"," "," "," "," "," "," "," "," "," "," "," "," "," "," "," "," "," "," "," "," "," "," ","0"," "," "," "," "," "," ","1","1"," "," ","2025-09-14 16:41:44"
"4","ü‡cy„ÑNoÑﬁÿúé
0{"," ","italian"," ","Spooky","Anzalone"," ","2021-09-12","VIA CALICO 33","20345","CINISELLO BALSAMO","Lombardia","Italia","CRTID004","SRRNTT91E56H254O","Gatto"," "," "," ","3408764646","0"," "," ","2025-09-14 13:47:33","Female"," "," ","5","0","spookyanzalone@example.com"," "," "," "," "," "," "," "," "," "," "," ","0000-00-00 00:00:00","4","4"," "," "," "," "," "," "," "," "," "," "," ","0"," "," "," "," "," "," "," "," "," "," "," "," "," "," "," "," ","standard","2025-09-14 13:42:13","0000-00-00","NO","0000-00-00"," "," "," "," "," "," "," ","0000-00-00 00:00:00"," ","0"," "," "," ","active","Milano"," "," "," "," "," "," "," "," "," "," "," "," "," "," "," "," "," "," "," "," "," "," ","6"," "," "," "," "," "," ","1","1"," "," ","2025-09-14 16:41:44"
"5","ü‡cy„áK-âOÁèÜ¨¡"," ","italian"," ","Marco","Rossi"," ","1985-06-12","VIA ROMA 92","20100","CORSICO","Lombardia","Italia","CRTID005","RSSMRC85H12H501Z","Ingegnere"," "," "," ","3351234567","0"," "," ","2025-09-14 13:50:02","Male"," "," ","6","0","marco.rossi@example.com"," "," "," "," "," "," "," "," "," "," "," ","0000-00-00 00:00:00","5","5"," "," "," "," "," "," "," "," "," "," "," ","0"," "," "," "," "," "," "," "," "," "," "," "," "," "," "," "," ","standard","2025-09-14 00:34:27","0000-00-00","NO","0000-00-00"," "," "," "," "," "," "," ","0000-00-00 00:00:00"," ","0"," "," "," ","active","Milano"," "," "," "," "," "," "," "," "," "," "," "," "," "," "," "," "," "," "," "," "," "," ","1"," "," "," "," "," "," ","1","1"," "," ","2025-09-14 16:41:44"
"6","ü‡cy„âEÛ†tÀB#¢’"," ","italian"," ","Lucia","Bianchi"," ","1990-04-20","CORSO VITTORIO 9","10100","VIMERCATE","Lombardia","Italia","CRTID006","BNCUCA90D60F205B","Insegnante"," "," "," ","3399876543","0"," "," ","2025-09-14 13:38:04","Female"," "," ","6","0","lucia.bianchi@example.com"," "," "," "," "," "," "," "," "," "," "," ","0000-00-00 00:00:00","6","6"," "," "," "," "," "," "," "," "," "," "," ","0"," "," "," "," "," "," "," "," "," "," "," "," "," "," "," "," ","standard","2025-09-14 13:38:04","0000-00-00","NO","0000-00-00"," "," "," "," "," "," "," ","0000-00-00 00:00:00"," ","0"," "," "," ","active","Monza Brianza"," "," "," "," "," "," "," "," "," "," "," "," "," "," "," "," "," "," "," "," "," "," ","15"," "," "," "," "," "," ","1","1"," "," ","2025-09-14 16:41:44"
"7","ü‡cy„åGQö¡ºtãlaı"," ","italian"," ","Alessandro","Verdi"," ","1982-11-03","VIA NAPOLI 26","50100","SARONNO","Lombardia","Italia","CRTID007","VRDLSN82S03F839D","Architetto"," "," "," ","3462345678","0"," "," ","2025-09-14 13:48:22","Male"," "," ","6","0","alessandro.verdi@example.com"," "," "," "," "," "," "," "," "," "," "," ","0000-00-00 00:00:00","7","7"," "," "," "," "," "," "," "," "," "," "," ","0"," "," "," "," "," "," "," "," "," "," "," "," "," "," "," "," ","standard","2025-09-14 13:40:31","0000-00-00","NO","0000-00-00"," "," "," "," "," "," "," ","0000-00-00 00:00:00"," ","0"," "," "," ","active","Varese"," "," "," "," "," "," "," "," "," "," "," "," "," "," "," "," "," "," "," "," "," "," ","1"," "," "," "," "," "," ","1","1"," "," ","2025-09-14 16:41:44"
"8","ü‡cy„éK®Ü'“2ê-"," ","italian"," ","Sara","Gallo"," ","1995-01-15","VIALE BOLOGNA 175","16100","BOLLATE","Lombardia","Italia","CRTID008","GLLSRA95A55B354F","Designer"," "," "," ","3387654321","0"," "," ","2025-09-14 13:47:34","Female"," "," ","5","0","sara.gallo@example.com"," "," "," "," "," "," "," "," "," "," "," ","0000-00-00 00:00:00","8","8"," "," "," "," "," "," "," "," "," "," "," ","0"," "," "," "," "," "," "," "," "," "," "," "," "," "," "," "," ","standard","2025-09-14 13:42:14","0000-00-00","NO","0000-00-00"," "," "," "," "," "," "," ","0000-00-00 00:00:00"," ","0"," "," "," ","active","Milano"," "," "," "," "," "," "," "," "," "," "," "," "," "," "," "," "," "," "," "," "," "," ","7"," "," "," "," "," "," ","1","1"," "," ","2025-09-14 16:41:44"
"9","ü‡cy„êOﬁ±X∂_A(q;"," ","italian"," ","Luca","Ferrari"," ","1988-09-30","VIA MILANO 183","70100","NOVATE","Lombardia","Italia","CRTID009","FRRLCU88P30H704W","Commercialista"," "," "," ","3341239876","0"," "," ","2025-09-14 13:50:03","Male"," "," ","5","0","luca.ferrari@example.com"," "," "," "," "," "," "," "," "," "," "," ","0000-00-00 00:00:00","9","9"," "," "," "," "," "," "," "," "," "," "," ","0"," "," "," "," "," "," "," "," "," "," "," "," "," "," "," "," ","standard","2025-09-14 00:34:28","0000-00-00","NO","0000-00-00"," "," "," "," "," "," "," ","0000-00-00 00:00:00"," ","0"," "," "," ","active","Milano"," "," "," "," "," "," "," "," "," "," "," "," "," "," "," "," "," "," "," "," "," "," ","2"," "," "," "," "," "," ","1","1"," "," ","2025-09-14 16:41:44"
"10","ü‡cy„ìI›áÿ∑Eœﬁk"," ","italian"," ","Anna","Conti"," ","1992-05-25","PIAZZA DEI SIGNORI 28","35100","MILANO","Lombardia","Italia","CRTID010","CNTNNA92E65A123J","Psicologa"," "," "," ","3354567890","0"," "," ","2025-09-14 13:38:05","Female"," "," ","5","0","anna.conti@example.com"," "," "," "," "," "," "," "," "," "," "," ","0000-00-00 00:00:00","10","10"," "," "," "," "," "," "," "," "," "," "," ","0"," "," "," "," "," "," "," "," "," "," "," "," "," "," "," "," ","standard","2025-09-14 13:38:05","0000-00-00","NO","0000-00-00"," "," "," "," "," "," "," ","0000-00-00 00:00:00"," ","0"," "," "," ","active","Milano"," "," "," "," "," "," "," "," "," "," "," "," "," "," "," "," "," "," "," "," "," "," ","16"," "," "," "," "," "," ","1","1"," "," ","2025-09-14 16:41:44"
"11","ü‡cy„ïOmìﬂÏî:˛ÿﬁ"," ","italian"," ","Matteo","Marconi"," ","1979-07-14","VIA DELLA LIBERT√Ä 186","95100","BRESSO","Lombardia","Italia","CRTID011","MCNMTT79L14D612X","Pilota"," "," "," ","3398761234","0"," "," ","2025-09-14 13:48:23","Male"," "," ","6","0","matteo.marconi@example.com"," "," "," "," "," "," "," "," "," "," "," ","0000-00-00 00:00:00","11","11"," "," "," "," "," "," "," "," "," "," "," ","0"," "," "," "," "," "," "," "," "," "," "," "," "," "," "," "," ","standard","2025-09-14 13:40:32","0000-00-00","NO","0000-00-00"," "," "," "," "," "," "," ","0000-00-00 00:00:00"," ","0"," "," "," ","active","Milano"," "," "," "," "," "," "," "," "," "," "," "," "," "," "," "," "," "," "," "," "," "," ","2"," "," "," "," "," "," ","1","1"," "," ","2025-09-14 16:41:44"
"12","ü‡cy„óE∑ì—Ÿ†<8ÿÏ"," ","italian"," ","Chiara","Martini"," ","1991-12-02","CORSO ITALIA 89","72100","SESTO SAN GIOVANNI","Lombardia","Italia","CRTID012","MRTCHR91T42H501C","Infermiere"," "," "," ","3476543210","0"," "," ","2025-09-14 13:47:35","Female"," "," ","6","0","chiara.martini@example.com"," "," "," "," "," "," "," "," "," "," "," ","0000-00-00 00:00:00","12","12"," "," "," "," "," "," "," "," "," "," "," ","0"," "," "," "," "," "," "," "," "," "," "," "," "," "," "," "," ","standard","2025-09-14 13:42:15","0000-00-00","NO","0000-00-00"," "," "," "," "," "," "," ","0000-00-00 00:00:00"," ","0"," "," "," ","active","Milano"," "," "," "," "," "," "," "," "," "," "," "," "," "," "," "," "," "," "," "," "," "," ","8"," "," "," "," "," "," ","1","1"," "," ","2025-09-14 16:41:44"
"13","ü‡cy„ôG√Ω3™aÿ¡é"," ","italian"," ","Giovanni","Ruggeri"," ","1984-08-19","VIALE DEI MEDICI 104","40100","PERO","Lombardia","Italia","CRTID013","RGGGVN84M19F829Y","Fisioterapista"," "," "," ","3392468135","0"," "," ","2025-09-14 13:50:04","Male"," "," ","5","0","giovanni.ruggeri@example.com"," "," "," "," "," "," "," "," "," "," "," ","0000-00-00 00:00:00","13","13"," "," "," "," "," "," "," "," "," "," "," ","0"," "," "," "," "," "," "," "," "," "," "," "," "," "," "," "," ","standard","2025-09-14 00:34:29","0000-00-00","NO","0000-00-00"," "," "," "," "," "," "," ","0000-00-00 00:00:00"," ","0"," "," "," ","active","Milano"," "," "," "," "," "," "," "," "," "," "," "," "," "," "," "," "," "," "," "," "," "," ","3"," "," "," "," "," "," ","1","1"," "," ","2025-09-14 16:41:44"
"14","ü‡cy„úMú¶w=ﬁ˘\Â"," ","italian"," ","Francesca","De Luca"," ","1993-02-28","VIA DELLA REPUBBLICA 133","89100","CORMANO","Lombardia","Italia","CRTID014","DLUFRN93B68M123P","Biologa"," "," "," ","3452345678","0"," "," ","2025-09-14 13:38:06","Female"," "," ","6","0","francesca.deluca@example.com"," "," "," "," "," "," "," "," "," "," "," ","0000-00-00 00:00:00","14","14"," "," "," "," "," "," "," "," "," "," "," ","0"," "," "," "," "," "," "," "," "," "," "," "," "," "," "," "," ","standard","2025-09-14 13:38:06","0000-00-00","NO","0000-00-00"," "," "," "," "," "," "," ","0000-00-00 00:00:00"," ","0"," "," "," ","active","Milano"," "," "," "," "," "," "," "," "," "," "," "," "," "," "," "," "," "," "," "," "," "," ","17"," "," "," "," "," "," ","1","1"," "," ","2025-09-14 16:41:44"
"15","ü‡cy„üEÉÅé^1e2"," ","italian"," ","Riccardo","Desantis"," ","1981-10-11","PIAZZA TORINO 4","10101","CORMANO","Lombardia","Italia","CRTID015","DSTCRD81R11D510J","Meccanico"," "," "," ","3381234567","0"," "," ","2025-09-14 13:48:24","Male"," "," ","5","0","riccardo.desantis@example.com"," "," "," "," "," "," "," "," "," "," "," ","0000-00-00 00:00:00","15","15"," "," "," "," "," "," "," "," "," "," "," ","0"," "," "," "," "," "," "," "," "," "," "," "," "," "," "," "," ","standard","2025-09-14 13:40:33","0000-00-00","NO","0000-00-00"," "," "," "," "," "," "," ","0000-00-00 00:00:00"," ","0"," "," "," ","active","Milano"," "," "," "," "," "," "," "," "," "," "," "," "," "," "," "," "," "," "," "," "," "," ","3"," "," "," "," "," "," ","1","1"," "," ","2025-09-14 16:41:44"
"16","ü‡cy„¢D}®¸oM‡~8"," ","italian"," ","Eleonora","Rinaldi"," ","1994-08-22","PIAZZA VENEZIA 107","30100","CORSICO","Lombardia","Italia","CRTID016","RNLNLR94C62F205K","Ricercatore"," "," "," ","3399871234","0"," "," ","2025-09-14 13:47:36","Female"," "," ","7","0","eleonora.rinaldi@example.com"," "," "," "," "," "," "," "," "," "," "," ","0000-00-00 00:00:00","16","16"," "," "," "," "," "," "," "," "," "," "," ","0"," "," "," "," "," "," "," "," "," "," "," "," "," "," "," "," ","standard","2025-09-14 13:42:16","0000-00-00","NO","0000-00-00"," "," "," "," "," "," "," ","0000-00-00 00:00:00"," ","0"," "," "," ","active","Milano"," "," "," "," "," "," "," "," "," "," "," "," "," "," "," "," "," "," "," "," "," "," ","9"," "," "," "," "," "," ","1","1"," "," ","2025-09-14 16:41:44"
"17","ü‡cy„§NFï¢Á˚„õå"," ","italian"," ","Fabio","Neri"," ","1986-09-07","VIA ROMANA 151","9100","MILANO","Lombardia","Italia","CRTID017","NRIFFB86P07L219N","Ricercatore"," "," "," ","3357654321","0"," "," ","2025-09-14 13:50:05","Male"," "," ","7","0","fabio.neri@example.com"," "," "," "," "," "," "," "," "," "," "," ","0000-00-00 00:00:00","17","17"," "," "," "," "," "," "," "," "," "," "," ","0"," "," "," "," "," "," "," "," "," "," "," "," "," "," "," "," ","standard","2025-09-14 00:34:30","0000-00-00","NO","0000-00-00"," "," "," "," "," "," "," ","0000-00-00 00:00:00"," ","0"," "," "," ","active","Milano"," "," "," "," "," "," "," "," "," "," "," "," "," "," "," "," "," "," "," "," "," "," ","4"," "," "," "," "," "," ","1","1"," "," ","2025-09-14 16:41:44"
"18","ü‡cy„¶Iò∑gô¡÷bP"," ","italian"," ","Stefania","Longo"," ","1990-06-18","CORSO GARIBALDI 164","90100","PADERNO DUGNANO","Lombardia","Italia","CRTID018","LNGSFN90H58A123U","Chef"," "," "," ","3394567890","0"," "," ","2025-09-14 13:38:07","Female"," "," ","5","0","stefania.longo@example.com"," "," "," "," "," "," "," "," "," "," "," ","0000-00-00 00:00:00","18","18"," "," "," "," "," "," "," "," "," "," "," ","0"," "," "," "," "," "," "," "," "," "," "," "," "," "," "," "," ","standard","2025-09-14 13:38:07","0000-00-00","NO","0000-00-00"," "," "," "," "," "," "," ","0000-00-00 00:00:00"," ","0"," "," "," ","active","Milano"," "," "," "," "," "," "," "," "," "," "," "," "," "," "," "," "," "," "," "," "," "," ","18"," "," "," "," "," "," ","1","1"," "," ","2025-09-14 16:41:44"
"19","ü‡cy„®O≥ÑÒØN3x"," ","italian"," ","Michele","Giorgio"," ","1987-11-30","VIA VERDI 104","70101","MILANO","Lombardia","Italia","CRTID019","GRGMCZ87S30A123L","Avvocato"," "," "," ","3386543210","0"," "," ","2025-09-14 13:48:25","Male"," "," ","6","0","michele.giorgio@example.com"," "," "," "," "," "," "," "," "," "," "," ","0000-00-00 00:00:00","19","19"," "," "," "," "," "," "," "," "," "," "," ","0"," "," "," "," "," "," "," "," "," "," "," "," "," "," "," "," ","standard","2025-09-14 13:40:34","0000-00-00","NO","0000-00-00"," "," "," "," "," "," "," ","0000-00-00 00:00:00"," ","0"," "," "," ","active","Milano"," "," "," "," "," "," "," "," "," "," "," "," "," "," "," "," "," "," "," "," "," "," ","4"," "," "," "," "," "," ","1","1"," "," ","2025-09-14 16:41:44"
"20","ü‡cy„´JJÖ∫KÅ›:œ"," ","italian"," ","Giorgia","Fontana"," ","1995-04-15","VIALE FIRENZE 109","50101","MILANO","Lombardia","Italia","CRTID020","FNTGRG95D55F839K","Artista"," "," "," ","3467654321","0"," "," ","2025-09-14 13:47:37","Female"," "," ","7","0","giorgia.fontana@example.com"," "," "," "," "," "," "," "," "," "," "," ","0000-00-00 00:00:00","20","20"," "," "," "," "," "," "," "," "," "," "," ","0"," "," "," "," "," "," "," "," "," "," "," "," "," "," "," "," ","standard","2025-09-14 13:42:17","0000-00-00","NO","0000-00-00"," "," "," "," "," "," "," ","0000-00-00 00:00:00"," ","0"," "," "," ","active","Milano"," "," "," "," "," "," "," "," "," "," "," "," "," "," "," "," "," "," "," "," "," "," ","10"," "," "," "," "," "," ","1","1"," "," ","2025-09-14 16:41:44"
"21","ü‡cy„≠Eiój©ıÊTì"""," ","italian"," ","Carlo","Riva"," ","1983-01-03","CORSO XX SETTEMBRE 126","20101","PADERNO DUGNANO","Lombardia","Italia","CRTID021","RVACRL83A03A321U","Programmatore"," "," "," ","3398765432","0"," "," ","2025-09-14 13:50:06","Male"," "," ","7","0","carlo.riva@example.com"," "," "," "," "," "," "," "," "," "," "," ","0000-00-00 00:00:00","21","21"," "," "," "," "," "," "," "," "," "," "," ","0"," "," "," "," "," "," "," "," "," "," "," "," "," "," "," "," ","standard","2025-09-14 00:34:31","0000-00-00","NO","0000-00-00"," "," "," "," "," "," "," ","0000-00-00 00:00:00"," ","0"," "," "," ","active","Milano"," "," "," "," "," "," "," "," "," "," "," "," "," "," "," "," "," "," "," "," "," "," ","5"," "," "," "," "," "," ","1","1"," "," ","2025-09-14 16:41:44"
"22","ü‡cy„ØBl§[—¡.∫ "," ","italian"," ","Laura","Martelli"," ","1994-08-29","VIA DANTE 100","89101","CINISELLO BALSAMO","Lombardia","Italia","CRTID022","MRTLRA94M69C657H","Economista"," "," "," ","3471234567","0"," "," ","2025-09-14 13:38:08","Female"," "," ","6","0","laura.martelli@example.com"," "," "," "," "," "," "," "," "," "," "," ","0000-00-00 00:00:00","22","22"," "," "," "," "," "," "," "," "," "," "," ","0"," "," "," "," "," "," "," "," "," "," "," "," "," "," "," "," ","standard","2025-09-14 13:38:08","0000-00-00","NO","0000-00-00"," "," "," "," "," "," "," ","0000-00-00 00:00:00"," ","0"," "," "," ","active","Milano"," "," "," "," "," "," "," "," "," "," "," "," "," "," "," "," "," "," "," "," "," "," ","19"," "," "," "," "," "," ","1","1"," "," ","2025-09-14 16:41:44"
"23","ü‡cy„±G÷æ≈p¿k∑ˆ"," ","italian"," ","Daniele","Parisi"," ","1989-10-06","PIAZZA DEL POPOLO 77","10102","CORSICO","Lombardia","Italia","CRTID023","PRSDBL89R06H501H","Informatore"," "," "," ","3352345678","0"," "," ","2025-09-14 13:48:26","Male"," "," ","5","0","daniele.parisi@example.com"," "," "," "," "," "," "," "," "," "," "," ","0000-00-00 00:00:00","23","23"," "," "," "," "," "," "," "," "," "," "," ","0"," "," "," "," "," "," "," "," "," "," "," "," "," "," "," "," ","standard","2025-09-14 13:40:35","0000-00-00","NO","0000-00-00"," "," "," "," "," "," "," ","0000-00-00 00:00:00"," ","0"," "," "," ","active","Milano"," "," "," "," "," "," "," "," "," "," "," "," "," "," "," "," "," "," "," "," "," "," ","5"," "," "," "," "," "," ","1","1"," "," ","2025-09-14 16:41:44"
"24","ü‡cy„≥Lv≤¥23û±"," ","italian"," ","Nicoletta","Serra"," ","1991-05-16","PIAZZA MAGGIORE 192","40101","VIMERCATE","Lombardia","Italia","CRTID024","SRRNTT91E56H254O","Farmacista"," "," "," ","3388765432","0"," "," ","2025-09-14 13:47:38","Female"," "," ","7","0","nicoletta.serra@example.com"," "," "," "," "," "," "," "," "," "," "," ","0000-00-00 00:00:00","24","24"," "," "," "," "," "," "," "," "," "," "," ","0"," "," "," "," "," "," "," "," "," "," "," "," "," "," "," "," ","standard","2025-09-14 13:42:18","0000-00-00","NO","0000-00-00"," "," "," "," "," "," "," ","0000-00-00 00:00:00"," ","0"," "," "," ","active","Monza Brianza"," "," "," "," "," "," "," "," "," "," "," "," "," "," "," "," "," "," "," "," "," "," ","11"," "," "," "," "," "," ","1","1"," "," ","2025-09-14 16:41:44"
"25","ü‡cy„∂O™ó‹>4ÀÔ^Ì"," ","italian"," ","Alessandro","Clemente"," ","1985-12-22","CAMPO SANTA MARGHERITA 114","30101","SARONNO","Lombardia","Italia","CRTID025","CLMLSN85T22H501Z","Artista"," "," "," ","3394567890","0"," "," ","2025-09-14 13:50:07","Male"," "," ","7","0","alessandro.clemente@example.com"," "," "," "," "," "," "," "," "," "," "," ","0000-00-00 00:00:00","25","25"," "," "," "," "," "," "," "," "," "," "," ","0"," "," "," "," "," "," "," "," "," "," "," "," "," "," "," "," ","standard","2025-09-14 00:34:32","0000-00-00","NO","0000-00-00"," "," "," "," "," "," "," ","0000-00-00 00:00:00"," ","0"," "," "," ","active","Varese"," "," "," "," "," "," "," "," "," "," "," "," "," "," "," "," "," "," "," "," "," "," ","6"," "," "," "," "," "," ","1","1"," "," ","2025-09-14 16:41:44"
"26","ü‡cy„∏C|≤†Æf≤c"," ","italian"," ","Martina","De Santis"," ","1997-08-18","VIALE EUROPA 148","95101","CARONNO PERTUSELLA","Lombardia","Italia","CRTID026","DSTMRT97C58L123J","Giocatrice"," "," "," ","3456789012","0"," "," ","2025-09-14 13:38:09","Female"," "," ","6","0","martina.desantis@example.com"," "," "," "," "," "," "," "," "," "," "," ","0000-00-00 00:00:00","26","26"," "," "," "," "," "," "," "," "," "," "," ","0"," "," "," "," "," "," "," "," "," "," "," "," "," "," "," "," ","standard","2025-09-14 13:38:09","0000-00-00","NO","0000-00-00"," "," "," "," "," "," "," ","0000-00-00 00:00:00"," ","0"," "," "," ","active","Varese"," "," "," "," "," "," "," "," "," "," "," "," "," "," "," "," "," "," "," "," "," "," ","20"," "," "," "," "," "," ","1","1"," "," ","2025-09-14 16:41:44"
"27","ü‡cy„ª@VúG„»ıø¡"," ","italian"," ","Roberto","Gallo"," ","1978-08-11","VIA GARIBALDI 16","70102","MILANO","Lombardia","Italia","CRTID027","GLLRBT78M11H501K","Elettricista"," "," "," ","3345678901","0"," "," ","2025-09-14 13:48:27","Male"," "," ","7","0","roberto.gallo@example.com"," "," "," "," "," "," "," "," "," "," "," ","0000-00-00 00:00:00","27","27"," "," "," "," "," "," "," "," "," "," "," ","0"," "," "," "," "," "," "," "," "," "," "," "," "," "," "," "," ","standard","2025-09-14 13:40:36","0000-00-00","NO","0000-00-00"," "," "," "," "," "," "," ","0000-00-00 00:00:00"," ","0"," "," "," ","active","Milano"," "," "," "," "," "," "," "," "," "," "," "," "," "," "," "," "," "," "," "," "," "," ","6"," "," "," "," "," "," ","1","1"," "," ","2025-09-14 16:41:44"
"28","ü‡cy„æE(êÇîRK6‡ã"," ","italian"," ","Benedetta","Grassi"," ","1992-02-14","VIALE DEI TRASTEVERE 38","100","MILANO","Lombardia","Italia","CRTID028","GRBNTT92B54L123Z","Estetista"," "," "," ","3393456789","0"," "," ","2025-09-14 13:47:39","Female"," "," ","6","0","benedetta.grassi@example.com"," "," "," "," "," "," "," "," "," "," "," ","0000-00-00 00:00:00","28","28"," "," "," "," "," "," "," "," "," "," "," ","0"," "," "," "," "," "," "," "," "," "," "," "," "," "," "," "," ","standard","2025-09-14 13:42:19","0000-00-00","NO","0000-00-00"," "," "," "," "," "," "," ","0000-00-00 00:00:00"," ","0"," "," "," ","active","Milano"," "," "," "," "," "," "," "," "," "," "," "," "," "," "," "," "," "," "," "," "," "," ","12"," "," "," "," "," "," ","1","1"," "," ","2025-09-14 16:41:44"
"29","ü‡cy„¿K âi%Ùv|“$"," ","italian"," ","Francesco","Pellegrini"," ","1984-11-10","CORSO SINDACO 120","20102","PADERNO DUGNANO","Lombardia","Italia","CRTID029","PLLFRN84S10A910Z","Giornalista"," "," "," ","3384567890","0"," "," ","2025-09-14 13:50:08","Male"," "," ","7","0","francesco.pellegrini@example.com"," "," "," "," "," "," "," "," "," "," "," ","0000-00-00 00:00:00","29","29"," "," "," "," "," "," "," "," "," "," "," ","0"," "," "," "," "," "," "," "," "," "," "," "," "," "," "," "," ","standard","2025-09-14 00:34:33","0000-00-00","NO","0000-00-00"," "," "," "," "," "," "," ","0000-00-00 00:00:00"," ","0"," "," "," ","active","Milano"," "," "," "," "," "," "," "," "," "," "," "," "," "," "," "," "," "," "," "," "," "," ","7"," "," "," "," "," "," ","1","1"," "," ","2025-09-14 16:41:44"
"30","ü‡cy„¬H,§hä7¨c|"," ","italian"," ","Simona","Fumagalli"," ","1996-06-05","VIA DELLE STELLE 59","10104","CINISELLO BALSAMO","Lombardia","Italia","CRTID030","FMGSMN96H45F123X","Freelance"," "," "," ","3399876544","0"," "," ","2025-09-14 13:38:10","Female"," "," ","5","0","simona.fumagalli@example.com"," "," "," "," "," "," "," "," "," "," "," ","0000-00-00 00:00:00","30","30"," "," "," "," "," "," "," "," "," "," "," ","0"," "," "," "," "," "," "," "," "," "," "," "," "," "," "," "," ","standard","2025-09-14 13:38:10","0000-00-00","NO","0000-00-00"," "," "," "," "," "," "," ","0000-00-00 00:00:00"," ","0"," "," "," ","active","Milano"," "," "," "," "," "," "," "," "," "," "," "," "," "," "," "," "," "," "," "," "," "," ","21"," "," "," "," "," "," ","1","1"," "," ","2025-09-14 16:41:44"
"31","ü‡cy„ƒF#∑mçY‡Ìd“"," ","italian"," ","Luca","Marzano"," ","1983-04-17","VIALE DELLA LIBERT√Ä 88","40102","CORSICO","Lombardia","Italia","CRTID031","MRZLCU83D17E123X","Giardiniere"," "," "," ","3342345678","0"," "," ","2025-09-14 13:48:28","Male"," "," ","7","0","luca.marzano@example.com"," "," "," "," "," "," "," "," "," "," "," ","0000-00-00 00:00:00","31","31"," "," "," "," "," "," "," "," "," "," "," ","0"," "," "," "," "," "," "," "," "," "," "," "," "," "," "," "," ","standard","2025-09-14 13:40:37","0000-00-00","NO","0000-00-00"," "," "," "," "," "," "," ","0000-00-00 00:00:00"," ","0"," "," "," ","active","Milano"," "," "," "," "," "," "," "," "," "," "," "," "," "," "," "," "," "," "," "," "," "," ","7"," "," "," "," "," "," ","1","1"," "," ","2025-09-14 16:41:44"
"32","ü‡cy„∆LùûØ◊"," ","italian"," ","Giulia","Curatola"," ","1997-05-22","VIA DEI FIORI 42","50102","MILANO","Lombardia","Italia","CRTID032","CRTGLA97E62B321L","Ricercatrice"," "," "," ","3467654321","0"," "," ","2025-09-14 13:47:40","Female"," "," ","5","0","giulia.curatola@example.com"," "," "," "," "," "," "," "," "," "," "," ","0000-00-00 00:00:00","32","32"," "," "," "," "," "," "," "," "," "," "," ","0"," "," "," "," "," "," "," "," "," "," "," "," "," "," "," "," ","standard","2025-09-14 13:42:20","0000-00-00","NO","0000-00-00"," "," "," "," "," "," "," ","0000-00-00 00:00:00"," ","0"," "," "," ","active","Milano"," "," "," "," "," "," "," "," "," "," "," "," "," "," "," "," "," "," "," "," "," "," ","13"," "," "," "," "," "," ","1","1"," "," ","2025-09-14 16:41:44"
"33","ü‡cy„…G¡£fê;—£"," ","italian"," ","Mattia","Esposito"," ","1992-01-09","PIAZZA DELLA STAZIONE 101","95102","MILANO","Lombardia","Italia","CRTID033","ESPMTT92A09D123H","Commercialista"," "," "," ","3356789012","0"," "," ","2025-09-14 13:50:09","Male"," "," ","7","0","mattia.esposito@example.com"," "," "," "," "," "," "," "," "," "," "," ","0000-00-00 00:00:00","33","33"," "," "," "," "," "," "," "," "," "," "," ","0"," "," "," "," "," "," "," "," "," "," "," "," "," "," "," "," ","standard","2025-09-14 00:34:34","0000-00-00","NO","0000-00-00"," "," "," "," "," "," "," ","0000-00-00 00:00:00"," ","0"," "," "," ","active","Milano"," "," "," "," "," "," "," "," "," "," "," "," "," "," "," "," "," "," "," "," "," "," ","8"," "," "," "," "," "," ","1","1"," "," ","2025-09-14 16:41:44"
"34","ü‡cy„ÀCÑó}†◊˝ì ∞"," ","italian"," ","Valentina","Piazza"," ","1989-09-27","CORSO ROMA 107","20100","PADERNO DUGNANO","Lombardia","Italia","CRTID034","PZZVLT89L67H501T","Avvocatessa"," "," "," ","3398765432","0"," "," ","2025-09-14 13:38:11","Female"," "," ","7","0","valentina.piazza@example.com"," "," "," "," "," "," "," "," "," "," "," ","0000-00-00 00:00:00","34","34"," "," "," "," "," "," "," "," "," "," "," ","0"," "," "," "," "," "," "," "," "," "," "," "," "," "," "," "," ","standard","2025-09-14 13:38:11","0000-00-00","NO","0000-00-00"," "," "," "," "," "," "," ","0000-00-00 00:00:00"," ","0"," "," "," ","active","Milano"," "," "," "," "," "," "," "," "," "," "," "," "," "," "," "," "," "," "," "," "," "," ","22"," "," "," "," "," "," ","1","1"," "," ","2025-09-14 16:41:44"
"35","ü‡cy„ÕLØ≠ÁVrm∂™ﬂ"," ","italian"," ","Andrea","Bianchi"," ","1980-08-11","VIA DELLA LIBERT√Ä 26","10101","CINISELLO BALSAMO","Lombardia","Italia","CRTID035","BNCNDR80C11H501F","Architetto"," "," "," ","3351236789","0"," "," ","2025-09-14 13:48:29","Male"," "," ","6","0","andrea.bianchi@example.com"," "," "," "," "," "," "," "," "," "," "," ","0000-00-00 00:00:00","35","35"," "," "," "," "," "," "," "," "," "," "," ","0"," "," "," "," "," "," "," "," "," "," "," "," "," "," "," "," ","standard","2025-09-14 13:40:38","0000-00-00","NO","0000-00-00"," "," "," "," "," "," "," ","0000-00-00 00:00:00"," ","0"," "," "," ","active","Milano"," "," "," "," "," "," "," "," "," "," "," "," "," "," "," "," "," "," "," "," "," "," ","8"," "," "," "," "," "," ","1","1"," "," ","2025-09-14 16:41:44"
"36","ü‡cy„œJÜÁÜ‰¯~"," ","italian"," ","Silvia","Lucchini"," ","1988-07-02","VIALE DELLA REPUBBLICA 114","95103","CORSICO","Lombardia","Italia","CRTID036","LCHSLI88L42A321H","Contabile"," "," "," ","3399877654","0"," "," ","2025-09-14 13:47:41","Female"," "," ","7","0","silvia.lucchini@example.com"," "," "," "," "," "," "," "," "," "," "," ","0000-00-00 00:00:00","36","36"," "," "," "," "," "," "," "," "," "," "," ","0"," "," "," "," "," "," "," "," "," "," "," "," "," "," "," "," ","standard","2025-09-14 13:42:21","0000-00-00","NO","0000-00-00"," "," "," "," "," "," "," ","0000-00-00 00:00:00"," ","0"," "," "," ","active","Milano"," "," "," "," "," "," "," "," "," "," "," "," "," "," "," "," "," "," "," "," "," "," ","14"," "," "," "," "," "," ","1","1"," "," ","2025-09-14 16:41:44"
"37","ü‡cy„“Fïñµ˚·Ívy¸"," ","italian"," ","Mattia","Cattaneo"," ","1993-11-20","VIA DI PORTA 33","50102","VIMERCATE","Lombardia","Italia","CRTID037","CTTNMT93S20H205F","Medico"," "," "," ","3467654321","0"," "," ","2025-09-14 13:50:10","Male"," "," ","7","0","mattia.cattaneo@example.com"," "," "," "," "," "," "," "," "," "," "," ","0000-00-00 00:00:00","37","37"," "," "," "," "," "," "," "," "," "," "," ","0"," "," "," "," "," "," "," "," "," "," "," "," "," "," "," "," ","standard","2025-09-14 00:34:35","0000-00-00","NO","0000-00-00"," "," "," "," "," "," "," ","0000-00-00 00:00:00"," ","0"," "," "," ","active","Monza Brianza"," "," "," "," "," "," "," "," "," "," "," "," "," "," "," "," "," "," "," "," "," "," ","9"," "," "," "," "," "," ","1","1"," "," ","2025-09-14 16:41:44"
"38","ü‡cy„‘BlâhCMáw8 "," ","italian"," ","Giacomo","Moretti"," ","1985-01-08","CORSO NOVA 61","10104","SARONNO","Lombardia","Italia","CRTID038","MRTGCM85A08D512Q","Fisioterapista"," "," "," ","3352345678","0"," "," ","2025-09-14 13:38:12","Male"," "," ","7","0","giacomo.moretti@example.com"," "," "," "," "," "," "," "," "," "," "," ","0000-00-00 00:00:00","38","38"," "," "," "," "," "," "," "," "," "," "," ","0"," "," "," "," "," "," "," "," "," "," "," "," "," "," "," "," ","standard","2025-09-14 13:38:12","0000-00-00","NO","0000-00-00"," "," "," "," "," "," "," ","0000-00-00 00:00:00"," ","0"," "," "," ","active","Varese"," "," "," "," "," "," "," "," "," "," "," "," "," "," "," "," "," "," "," "," "," "," ","23"," "," "," "," "," "," ","1","1"," "," ","2025-09-14 16:41:44"
"39","ü‡cy„÷H›∞DìE¶O8"," ","italian"," ","Roberta","Pinna"," ","1995-05-15","VIALE TIZIANO 147","40103","BOLLATE","Lombardia","Italia","CRTID039","PNNRBT95E55A456Q","Cuoca"," "," "," ","3394566789","0"," "," ","2025-09-14 13:48:30","Female"," "," ","6","0","roberta.pinna@example.com"," "," "," "," "," "," "," "," "," "," "," ","0000-00-00 00:00:00","39","39"," "," "," "," "," "," "," "," "," "," "," ","0"," "," "," "," "," "," "," "," "," "," "," "," "," "," "," "," ","standard","2025-09-14 13:40:39","0000-00-00","NO","0000-00-00"," "," "," "," "," "," "," ","0000-00-00 00:00:00"," ","0"," "," "," ","active","Milano"," "," "," "," "," "," "," "," "," "," "," "," "," "," "," "," "," "," "," "," "," "," ","9"," "," "," "," "," "," ","1","1"," "," ","2025-09-14 16:41:44"
"40","ü‡cy„ÿGÿ†À»_õø≈"," ","italian"," ","Paolo","Battaglia"," ","1981-08-25","PIAZZA DELLA LIBERT√Ä 2","16100","NOVATE","Lombardia","Italia","CRTID040","BTTPVL81M25H123P","Ingegnere"," "," "," ","3456789012","0"," "," ","2025-09-14 13:47:42","Male"," "," ","6","0","paolo.battaglia@example.com"," "," "," "," "," "," "," "," "," "," "," ","0000-00-00 00:00:00","40","40"," "," "," "," "," "," "," "," "," "," "," ","0"," "," "," "," "," "," "," "," "," "," "," "," "," "," "," "," ","standard","2025-09-14 13:42:22","0000-00-00","NO","0000-00-00"," "," "," "," "," "," "," ","0000-00-00 00:00:00"," ","0"," "," "," ","active","Milano"," "," "," "," "," "," "," "," "," "," "," "," "," "," "," "," "," "," "," "," "," "," ","15"," "," "," "," "," "," ","1","1"," "," ","2025-09-14 16:41:44"
"41","ü‡cy„⁄Bö®ÍË–ﬂÁeÿ"," ","italian"," ","Ilaria","De Marco"," ","1988-05-20","VIALE DELLE ALPI 155","80100","MILANO","Lombardia","Italia","CRTID041","DMCRLR88E59H456F","Commerciante"," "," "," ","3352345678","0"," "," ","2025-09-14 13:50:11","Female"," "," ","5","0","ilaria.demario@example.com"," "," "," "," "," "," "," "," "," "," "," ","0000-00-00 00:00:00","41","41"," "," "," "," "," "," "," "," "," "," "," ","0"," "," "," "," "," "," "," "," "," "," "," "," "," "," "," "," ","standard","2025-09-14 00:34:36","0000-00-00","NO","0000-00-00"," "," "," "," "," "," "," ","0000-00-00 00:00:00"," ","0"," "," "," ","active","Milano"," "," "," "," "," "," "," "," "," "," "," "," "," "," "," "," "," "," "," "," "," "," ","10"," "," "," "," "," "," ","1","1"," "," ","2025-09-14 16:41:44"
"42","ü‡cy„›O≤í£ûT{èB"," ","italian"," ","Claudio","Gatti"," ","1990-09-17","VIA APPIA 100","70100","BRESSO","Lombardia","Italia","CRTID042","GTTCLD90H17D219X","Risorse Umane"," "," "," ","3466876543","0"," "," ","2025-09-14 13:38:13","Male"," "," ","7","0","claudio.gatti@example.com"," "," "," "," "," "," "," "," "," "," "," ","0000-00-00 00:00:00","42","42"," "," "," "," "," "," "," "," "," "," "," ","0"," "," "," "," "," "," "," "," "," "," "," "," "," "," "," "," ","standard","2025-09-14 13:38:13","0000-00-00","NO","0000-00-00"," "," "," "," "," "," "," ","0000-00-00 00:00:00"," ","0"," "," "," ","active","Milano"," "," "," "," "," "," "," "," "," "," "," "," "," "," "," "," "," "," "," "," "," "," ","24"," "," "," "," "," "," ","1","1"," "," ","2025-09-14 16:41:44"
"43","ü‡cy„ﬂHmÇÇUÀ·[9$"," ","italian"," ","Aurora","Fabbri"," ","1993-06-14","VIALE DELLE STELLE 114","9100","SESTO SAN GIOVANNI","Lombardia","Italia","CRTID043","FBBRRA93H54F123R","Biologa"," "," "," ","3387654321","0"," "," ","2025-09-14 13:48:31","Female"," "," ","6","0","aurora.fabbri@example.com"," "," "," "," "," "," "," "," "," "," "," ","0000-00-00 00:00:00","43","43"," "," "," "," "," "," "," "," "," "," "," ","0"," "," "," "," "," "," "," "," "," "," "," "," "," "," "," "," ","standard","2025-09-14 13:40:40","0000-00-00","NO","0000-00-00"," "," "," "," "," "," "," ","0000-00-00 00:00:00"," ","0"," "," "," ","active","Milano"," "," "," "," "," "," "," "," "," "," "," "," "," "," "," "," "," "," "," "," "," "," ","10"," "," "," "," "," "," ","1","1"," "," ","2025-09-14 16:41:44"
"44","ü‡cy„·Nl∂
CYÓÓΩ}"," ","italian"," ","Fabio","Lucchesi"," ","1986-12-31","CORSO DEI BANCHI 158","20104","PERO","Lombardia","Italia","CRTID044","LCCFBI86T31H501S","Commercialista"," "," "," ","3352345678","0"," "," ","2025-09-14 13:47:43","Male"," "," ","7","0","fabio.lucchesi@example.com"," "," "," "," "," "," "," "," "," "," "," ","0000-00-00 00:00:00","44","44"," "," "," "," "," "," "," "," "," "," "," ","0"," "," "," "," "," "," "," "," "," "," "," "," "," "," "," "," ","standard","2025-09-14 13:42:23","0000-00-00","NO","0000-00-00"," "," "," "," "," "," "," ","0000-00-00 00:00:00"," ","0"," "," "," ","active","Milano"," "," "," "," "," "," "," "," "," "," "," "," "," "," "," "," "," "," "," "," "," "," ","16"," "," "," "," "," "," ","1","1"," "," ","2025-09-14 16:41:44"
"45","ü‡cy„„H
êıåÍºß"," ","italian"," ","Carla","Minelli"," ","1994-02-11","PIAZZA ITALIA 95","50103","CORMANO","Lombardia","Italia","CRTID045","MNNCRL94B51H512L","Giocatrice"," "," "," ","3398765432","0"," "," ","2025-09-14 13:50:12","Female"," "," ","6","0","carla.minelli@example.com"," "," "," "," "," "," "," "," "," "," "," ","0000-00-00 00:00:00","45","45"," "," "," "," "," "," "," "," "," "," "," ","0"," "," "," "," "," "," "," "," "," "," "," "," "," "," "," "," ","standard","2025-09-14 00:34:37","0000-00-00","NO","0000-00-00"," "," "," "," "," "," "," ","0000-00-00 00:00:00"," ","0"," "," "," ","active","Milano"," "," "," "," "," "," "," "," "," "," "," "," "," "," "," "," "," "," "," "," "," "," ","11"," "," "," "," "," "," ","1","1"," "," ","2025-09-14 16:41:44"
"46","ü‡cy„ÂOX©¶z˜ñcw"," ","italian"," ","Nicol√≤","Fioravanti"," ","1982-08-09","VIA DELLE PALME 78","40100","CORMANO","Lombardia","Italia","CRTID046","FRVNLCD82C09H403B","Insegnante"," "," "," ","3471234567","0"," "," ","2025-09-14 13:38:14","Male"," "," ","6","0","nicolo.fioravanti@example.com"," "," "," "," "," "," "," "," "," "," "," ","0000-00-00 00:00:00","46","46"," "," "," "," "," "," "," "," "," "," "," ","0"," "," "," "," "," "," "," "," "," "," "," "," "," "," "," "," ","standard","2025-09-14 13:38:14","0000-00-00","NO","0000-00-00"," "," "," "," "," "," "," ","0000-00-00 00:00:00"," ","0"," "," "," ","active","Milano"," "," "," "," "," "," "," "," "," "," "," "," "," "," "," "," "," "," "," "," "," "," ","25"," "," "," "," "," "," ","1","1"," "," ","2025-09-14 16:41:44"
"47","ü‡cy„ËL(∂ﬂo}í∏F∏"," ","italian"," ","Claudia","Giorgio"," ","1990-11-13","VIALE ROMA 183","95104","MILANO","Lombardia","Italia","CRTID047","GRGCLD90S62H900K","Designer"," "," "," ","3345678976","0"," "," ","2025-09-14 13:48:32","Female"," "," ","6","0","claudia.giorgio@example.com"," "," "," "," "," "," "," "," "," "," "," ","0000-00-00 00:00:00","47","47"," "," "," "," "," "," "," "," "," "," "," ","0"," "," "," "," "," "," "," "," "," "," "," "," "," "," "," "," ","standard","2025-09-14 13:40:41","0000-00-00","NO","0000-00-00"," "," "," "," "," "," "," ","0000-00-00 00:00:00"," ","0"," "," "," ","active","Milano"," "," "," "," "," "," "," "," "," "," "," "," "," "," "," "," "," "," "," "," "," "," ","11"," "," "," "," "," "," ","1","1"," "," ","2025-09-14 16:41:44"
"48","ü‡cy„ÍDÀó¶Ø®2mXô"," ","italian"," ","Massimo","Mazzini"," ","1987-07-24","CORSO DEI MARTIRI 163","50100","MILANO","Lombardia","Italia","CRTID048","MZZMSM87L24D987R","Psicologo"," "," "," ","3324567820","0"," "," ","2025-09-14 13:47:44","Male"," "," ","6","0","massimo.mazzini@example.com"," "," "," "," "," "," "," "," "," "," "," ","0000-00-00 00:00:00","48","48"," "," "," "," "," "," "," "," "," "," "," ","0"," "," "," "," "," "," "," "," "," "," "," "," "," "," "," "," ","standard","2025-09-14 13:42:24","0000-00-00","NO","0000-00-00"," "," "," "," "," "," "," ","0000-00-00 00:00:00"," ","0"," "," "," ","active","Milano"," "," "," "," "," "," "," "," "," "," "," "," "," "," "," "," "," "," "," "," "," "," ","17"," "," "," "," "," "," ","1","1"," "," ","2025-09-14 16:41:44"
"49","ü‡cy„ÏI¥µQÃ1∞Me"," ","italian"," ","Federica","Pietro"," ","1995-09-20","VIA INDIPENDENZA 64","20103","PADERNO DUGNANO","Lombardia","Italia","CRTID049","PTRFDR95R60B123C","Infermiera"," "," "," ","3397654321","0"," "," ","2025-09-14 13:50:13","Female"," "," ","7","0","federica.pietro@example.com"," "," "," "," "," "," "," "," "," "," "," ","0000-00-00 00:00:00","49","49"," "," "," "," "," "," "," "," "," "," "," ","0"," "," "," "," "," "," "," "," "," "," "," "," "," "," "," "," ","standard","2025-09-14 00:34:38","0000-00-00","NO","0000-00-00"," "," "," "," "," "," "," ","0000-00-00 00:00:00"," ","0"," "," "," ","active","Milano"," "," "," "," "," "," "," "," "," "," "," "," "," "," "," "," "," "," "," "," "," "," ","12"," "," "," "," "," "," ","1","1"," "," ","2025-09-14 16:41:44"
"50","ü‡cy„ÓC|Üƒ∆´≠›"," ","italian"," ","Giorgio","Rosa"," ","1980-10-07","VIALE DEI CITTADINI 114","50104","CINISELLO BALSAMO","Lombardia","Italia","CRTID050","RSRGHR80M07E123B","Dottore"," "," "," ","3472345678","0"," "," ","2025-09-14 13:38:15","Male"," "," ","5","0","giorgio.rosa@example.com"," "," "," "," "," "," "," "," "," "," "," ","0000-00-00 00:00:00","50","50"," "," "," "," "," "," "," "," "," "," "," ","0"," "," "," "," "," "," "," "," "," "," "," "," "," "," "," "," ","standard","2025-09-14 13:38:15","0000-00-00","NO","0000-00-00"," "," "," "," "," "," "," ","0000-00-00 00:00:00"," ","0"," "," "," ","active","Milano"," "," "," "," "," "," "," "," "," "," "," "," "," "," "," "," "," "," "," "," "," "," ","26"," "," "," "," "," "," ","1","1"," "," ","2025-09-14 16:41:44"
"51","ü‡cy„G¢†èL#§;"," ","italian"," ","Alessia","Ravalli"," ","1983-05-12","VIA ROMA 130","10103","CORSICO","Lombardia","Italia","CRTID051","RPLLSS83D52H401D","Informatore"," "," "," ","3355678901","0"," "," ","2025-09-14 13:48:33","Female"," "," ","7","0","alessia.ravalli@example.com"," "," "," "," "," "," "," "," "," "," "," ","0000-00-00 00:00:00","51","51"," "," "," "," "," "," "," "," "," "," "," ","0"," "," "," "," "," "," "," "," "," "," "," "," "," "," "," "," ","standard","2025-09-14 13:40:42","0000-00-00","NO","0000-00-00"," "," "," "," "," "," "," ","0000-00-00 00:00:00"," ","0"," "," "," ","active","Milano"," "," "," "," "," "," "," "," "," "," "," "," "," "," "," "," "," "," "," "," "," "," ","12"," "," "," "," "," "," ","1","1"," "," ","2025-09-14 16:41:44"
"52","ü‡cy„ÚO/¨GÂ≥ÎV+"," ","italian"," ","Stefano","Longhi"," ","1992-07-28","PIAZZA DELLA LIBERT√Ä 127","70103","VIMERCATE","Lombardia","Italia","CRTID052","LNGSTF92L28H112Y","Analista"," "," "," ","3342345678","0"," "," ","2025-09-14 13:47:45","Male"," "," ","6","0","stefano.longhi@example.com"," "," "," "," "," "," "," "," "," "," "," ","0000-00-00 00:00:00","52","52"," "," "," "," "," "," "," "," "," "," "," ","0"," "," "," "," "," "," "," "," "," "," "," "," "," "," "," "," ","standard","2025-09-14 13:42:25","0000-00-00","NO","0000-00-00"," "," "," "," "," "," "," ","0000-00-00 00:00:00"," ","0"," "," "," ","active","Monza Brianza"," "," "," "," "," "," "," "," "," "," "," "," "," "," "," "," "," "," "," "," "," "," ","18"," "," "," "," "," "," ","1","1"," "," ","2025-09-14 16:41:44"
"53","ü‡cy„ıAq¢qåÊâ¡üÑ"," ","italian"," ","Sara","Ricci"," ","1996-01-07","CORSO DEI VITTORIA 162","16101","SARONNO","Lombardia","Italia","CRTID053","RCISRA96A47F987N","Farmacista"," "," "," ","3398765432","0"," "," ","2025-09-14 13:50:14","Female"," "," ","5","0","sara.ricci@example.com"," "," "," "," "," "," "," "," "," "," "," ","0000-00-00 00:00:00","53","53"," "," "," "," "," "," "," "," "," "," "," ","0"," "," "," "," "," "," "," "," "," "," "," "," "," "," "," "," ","standard","2025-09-14 00:34:39","0000-00-00","NO","0000-00-00"," "," "," "," "," "," "," ","0000-00-00 00:00:00"," ","0"," "," "," ","active","Varese"," "," "," "," "," "," "," "," "," "," "," "," "," "," "," "," "," "," "," "," "," "," ","13"," "," "," "," "," "," ","1","1"," "," ","2025-09-14 16:41:44"
"54","ü‡cy„˜K∞O¶ºZD*ó"," ","italian"," ","Michele","Fabiani"," ","1979-11-19","VIALE DEGLI ARCHI 74","50101","BOLLATE","Lombardia","Italia","CRTID054","FBMCHE79B19H501H","Ingegnere"," "," "," ","3397656789","0"," "," ","2025-09-14 13:38:16","Male"," "," ","7","0","michele.fabiani@example.com"," "," "," "," "," "," "," "," "," "," "," ","0000-00-00 00:00:00","54","54"," "," "," "," "," "," "," "," "," "," "," ","0"," "," "," "," "," "," "," "," "," "," "," "," "," "," "," "," ","standard","2025-09-14 13:38:16","0000-00-00","NO","0000-00-00"," "," "," "," "," "," "," ","0000-00-00 00:00:00"," ","0"," "," "," ","active","Milano"," "," "," "," "," "," "," "," "," "," "," "," "," "," "," "," "," "," "," "," "," "," ","27"," "," "," "," "," "," ","1","1"," "," ","2025-09-14 16:41:44"
"55","ü‡cy„˘Etîùï÷y«Ü"," ","italian"," ","Veronica","Cavalieri"," ","1984-02-28","VIA DELLA REPUBBLICA 150","95101","NOVATE","Lombardia","Italia","CRTID055","CVLNRN84B68D519F","Decoratrice"," "," "," ","3352345678","0"," "," ","2025-09-14 13:48:34","Female"," "," ","5","0","veronica.cavalieri@example.com"," "," "," "," "," "," "," "," "," "," "," ","0000-00-00 00:00:00","55","55"," "," "," "," "," "," "," "," "," "," "," ","0"," "," "," "," "," "," "," "," "," "," "," "," "," "," "," "," ","standard","2025-09-14 13:40:43","0000-00-00","NO","0000-00-00"," "," "," "," "," "," "," ","0000-00-00 00:00:00"," ","0"," "," "," ","active","Milano"," "," "," "," "," "," "," "," "," "," "," "," "," "," "," "," "," "," "," "," "," "," ","13"," "," "," "," "," "," ","1","1"," "," ","2025-09-14 16:41:44"
"56","ü‡cy„˚C◊ºLx8ø((1"," ","italian"," ","Alessio","Battisti"," ","1995-12-30","CORSO MANZON 23","20101","MILANO","Lombardia","Italia","CRTID056","BTSTLS95D30D370D","Fisioterapista"," "," "," ","3467654321","0"," "," ","2025-09-14 13:47:46","Male"," "," ","7","0","alessio.battisti@example.com"," "," "," "," "," "," "," "," "," "," "," ","0000-00-00 00:00:00","56","56"," "," "," "," "," "," "," "," "," "," "," ","0"," "," "," "," "," "," "," "," "," "," "," "," "," "," "," "," ","standard","2025-09-14 13:42:26","0000-00-00","NO","0000-00-00"," "," "," "," "," "," "," ","0000-00-00 00:00:00"," ","0"," "," "," ","active","Milano"," "," "," "," "," "," "," "," "," "," "," "," "," "," "," "," "," "," "," "," "," "," ","19"," "," "," "," "," "," ","1","1"," "," ","2025-09-14 16:41:44"
"57","ü‡cy„˝DéßaG¯Hì’"," ","italian"," ","Greta","Romano"," ","1991-08-16","PIAZZA GARIBALDI 16","40104","BRESSO","Lombardia","Italia","CRTID057","RMNGRT91C76D270H","Biologa"," "," "," ","3398765432","0"," "," ","2025-09-14 13:50:15","Female"," "," ","7","0","greta.romano@example.com"," "," "," "," "," "," "," "," "," "," "," ","0000-00-00 00:00:00","57","57"," "," "," "," "," "," "," "," "," "," "," ","0"," "," "," "," "," "," "," "," "," "," "," "," "," "," "," "," ","standard","2025-09-14 00:34:40","0000-00-00","NO","0000-00-00"," "," "," "," "," "," "," ","0000-00-00 00:00:00"," ","0"," "," "," ","active","Milano"," "," "," "," "," "," "," "," "," "," "," "," "," "," "," "," "," "," "," "," "," "," ","14"," "," "," "," "," "," ","1","1"," "," ","2025-09-14 16:41:44"
"58","ü‡cy‰ KUà\Õ êk≤¶"," ","italian"," ","Amedeo","Pavan"," ","1987-09-03","VIALE DELLA LIBERT√Ä 118","10102","SESTO SAN GIOVANNI","Lombardia","Italia","CRTID058","PVNADE87P03F789Y","Sarto"," "," "," ","3358768891","0"," "," ","2025-09-14 13:38:17","Male"," "," ","5","0","amedeo.pavan@example.com"," "," "," "," "," "," "," "," "," "," "," ","0000-00-00 00:00:00","58","58"," "," "," "," "," "," "," "," "," "," "," ","0"," "," "," "," "," "," "," "," "," "," "," "," "," "," "," "," ","standard","2025-09-14 13:38:17","0000-00-00","NO","0000-00-00"," "," "," "," "," "," "," ","0000-00-00 00:00:00"," ","0"," "," "," ","active","Milano"," "," "," "," "," "," "," "," "," "," "," "," "," "," "," "," "," "," "," "," "," "," ","28"," "," "," "," "," "," ","1","1"," "," ","2025-09-14 16:41:44"
"59","ü‡cy‰Aµ©®“˝ #y"," ","italian"," ","Elena","Di Lorenzo"," ","1993-04-18","CORSO DI PORTA 29","50100","PERO","Lombardia","Italia","CRTID059","DLRNLN93D59F801F","Psicologa"," "," "," ","3396655432","0"," "," ","2025-09-14 13:48:35","Female"," "," ","7","0","elena.dilorenzo@example.com"," "," "," "," "," "," "," "," "," "," "," ","0000-00-00 00:00:00","59","59"," "," "," "," "," "," "," "," "," "," "," ","0"," "," "," "," "," "," "," "," "," "," "," "," "," "," "," "," ","standard","2025-09-14 13:40:44","0000-00-00","NO","0000-00-00"," "," "," "," "," "," "," ","0000-00-00 00:00:00"," ","0"," "," "," ","active","Milano"," "," "," "," "," "," "," "," "," "," "," "," "," "," "," "," "," "," "," "," "," "," ","14"," "," "," "," "," "," ","1","1"," "," ","2025-09-14 16:41:44"
"60","ü‡cy‰@AÑãNAÜ§À"," ","italian"," ","Angelo","Margheri"," ","1989-11-08","VIA SACRA 163","40102","CORMANO","Lombardia","Italia","CRTID060","MRGHNG89S08H654F","Ricercatore"," "," "," ","3345678901","0"," "," ","2025-09-14 13:47:47","Male"," "," ","6","0","angelo.margheri@example.com"," "," "," "," "," "," "," "," "," "," "," ","0000-00-00 00:00:00","60","60"," "," "," "," "," "," "," "," "," "," "," ","0"," "," "," "," "," "," "," "," "," "," "," "," "," "," "," "," ","standard","2025-09-14 13:42:27","0000-00-00","NO","0000-00-00"," "," "," "," "," "," "," ","0000-00-00 00:00:00"," ","0"," "," "," ","active","Milano"," "," "," "," "," "," "," "," "," "," "," "," "," "," "," "," "," "," "," "," "," "," ","20"," "," "," "," "," "," ","1","1"," "," ","2025-09-14 16:41:44"
"61","ü‡cy‰K-å¥ä’„¸ç"," ","italian"," ","Elena","Martelli"," ","1985-06-04","VIA ARGONAUTI 196","101","CORMANO","Lombardia","Italia","CRTID061","MRTLNA85H44D365H","Insegnante"," "," "," ","3397654321","0"," "," ","2025-09-14 13:50:16","Female"," "," ","7","0","elena.martelli@example.com"," "," "," "," "," "," "," "," "," "," "," ","0000-00-00 00:00:00","61","61"," "," "," "," "," "," "," "," "," "," "," ","0"," "," "," "," "," "," "," "," "," "," "," "," "," "," "," "," ","standard","2025-09-14 00:34:41","0000-00-00","NO","0000-00-00"," "," "," "," "," "," "," ","0000-00-00 00:00:00"," ","0"," "," "," ","active","Milano"," "," "," "," "," "," "," "," "," "," "," "," "," "," "," "," "," "," "," "," "," "," ","15"," "," "," "," "," "," ","1","1"," "," ","2025-09-14 16:41:44"
"62","ü‡cy‰DAÆ¯Fî‚t"," ","italian"," ","Fabio","Schiavone"," ","1988-07-29","VIALE DELLA LIBERT√Ä 190","10101","CORSICO","Lombardia","Italia","CRTID062","SCHFBF88L29H719K","Pilota"," "," "," ","3355678901","0"," "," ","2025-09-14 13:38:18","Male"," "," ","6","0","fabio.schiavone@example.com"," "," "," "," "," "," "," "," "," "," "," ","0000-00-00 00:00:00","62","62"," "," "," "," "," "," "," "," "," "," "," ","0"," "," "," "," "," "," "," "," "," "," "," "," "," "," "," "," ","standard","2025-09-14 13:38:18","0000-00-00","NO","0000-00-00"," "," "," "," "," "," "," ","0000-00-00 00:00:00"," ","0"," "," "," ","active","Milano"," "," "," "," "," "," "," "," "," "," "," "," "," "," "," "," "," "," "," "," "," "," ","29"," "," "," "," "," "," ","1","1"," "," ","2025-09-14 16:41:44"
"63","ü‡cy‰NKûá¿ÊpΩm©"," ","italian"," ","Loretta","Palmieri"," ","1992-01-23","CORSO INDIPENDENZA 125","95101","MILANO","Lombardia","Italia","CRTID063","PMLRRT92A63H401J","Architetto"," "," "," ","3398765432","0"," "," ","2025-09-14 13:48:36","Female"," "," ","5","0","loretta.palmieri@example.com"," "," "," "," "," "," "," "," "," "," "," ","0000-00-00 00:00:00","63","63"," "," "," "," "," "," "," "," "," "," "," ","0"," "," "," "," "," "," "," "," "," "," "," "," "," "," "," "," ","standard","2025-09-14 13:40:45","0000-00-00","NO","0000-00-00"," "," "," "," "," "," "," ","0000-00-00 00:00:00"," ","0"," "," "," ","active","Milano"," "," "," "," "," "," "," "," "," "," "," "," "," "," "," "," "," "," "," "," "," "," ","15"," "," "," "," "," "," ","1","1"," "," ","2025-09-14 16:41:44"
"64","ü‡cy‰IKøÜÃTÓE$´"," ","italian"," ","Marco","Cairo"," ","1990-05-12","VIALE GARIBALDI 117","20100","PADERNO DUGNANO","Lombardia","Italia","CRTID064","CROMRK90E12B959V","Designer"," "," "," ","3341234567","0"," "," ","2025-09-14 13:47:48","Male"," "," ","6","0","marco.cairo@example.com"," "," "," "," "," "," "," "," "," "," "," ","0000-00-00 00:00:00","64","64"," "," "," "," "," "," "," "," "," "," "," ","0"," "," "," "," "," "," "," "," "," "," "," "," "," "," "," "," ","standard","2025-09-14 13:42:28","0000-00-00","NO","0000-00-00"," "," "," "," "," "," "," ","0000-00-00 00:00:00"," ","0"," "," "," ","active","Milano"," "," "," "," "," "," "," "," "," "," "," "," "," "," "," "," "," "," "," "," "," "," ","21"," "," "," "," "," "," ","1","1"," "," ","2025-09-14 16:41:44"
"65","ü‡cy‰@SãE\áÃx4Ø"," ","italian"," ","Serena","Morandi"," ","1986-09-03","VIA FIRENZE 95","50104","MILANO","Lombardia","Italia","CRTID065","MRDSRN86T03H258L","Insegnante"," "," "," ","3398765432","0"," "," ","2025-09-14 13:50:17","Female"," "," ","6","0","serena.morandi@example.com"," "," "," "," "," "," "," "," "," "," "," ","0000-00-00 00:00:00","65","65"," "," "," "," "," "," "," "," "," "," "," ","0"," "," "," "," "," "," "," "," "," "," "," "," "," "," "," "," ","standard","2025-09-14 00:34:42","0000-00-00","NO","0000-00-00"," "," "," "," "," "," "," ","0000-00-00 00:00:00"," ","0"," "," "," ","active","Milano"," "," "," "," "," "," "," "," "," "," "," "," "," "," "," "," "," "," "," "," "," "," ","16"," "," "," "," "," "," ","1","1"," "," ","2025-09-14 16:41:44"
"66","ü‡cy‰D≠™‰¿˛âñ±"," ","italian"," ","Luca","Martinez"," ","1992-06-17","VIALE TRENTO 50","101","MILANO","Lombardia","Italia","CRTID066","MRTLCU92H17S651J","Giornalista"," "," "," ","3352345678","0"," "," ","2025-09-14 13:38:19","Male"," "," ","6","0","luca.martinez@example.com"," "," "," "," "," "," "," "," "," "," "," ","0000-00-00 00:00:00","66","66"," "," "," "," "," "," "," "," "," "," "," ","0"," "," "," "," "," "," "," "," "," "," "," "," "," "," "," "," ","standard","2025-09-14 13:38:19","0000-00-00","NO","0000-00-00"," "," "," "," "," "," "," ","0000-00-00 00:00:00"," ","0"," "," "," ","active","Milano"," "," "," "," "," "," "," "," "," "," "," "," "," "," "," "," "," "," "," "," "," "," ","30"," "," "," "," "," "," ","1","1"," "," ","2025-09-14 16:41:44"
"67","ü‡cy‰A¸êµ#qÁV,"," ","italian"," ","Paola","Gennari"," ","1983-08-29","CORSO TORINO 97","40103","PADERNO DUGNANO","Lombardia","Italia","CRTID067","GNRPLA83D69A341K","Medico"," "," "," ","3381234567","0"," "," ","2025-09-14 13:48:37","Female"," "," ","5","0","paola.gennari@example.com"," "," "," "," "," "," "," "," "," "," "," ","0000-00-00 00:00:00","67","67"," "," "," "," "," "," "," "," "," "," "," ","0"," "," "," "," "," "," "," "," "," "," "," "," "," "," "," "," ","standard","2025-09-14 13:40:46","0000-00-00","NO","0000-00-00"," "," "," "," "," "," "," ","0000-00-00 00:00:00"," ","0"," "," "," ","active","Milano"," "," "," "," "," "," "," "," "," "," "," "," "," "," "," "," "," "," "," "," "," "," ","16"," "," "," "," "," "," ","1","1"," "," ","2025-09-14 16:41:44"
"68","ü‡cy‰BR†pGÍEY#¥"," ","italian"," ","Francesco","Guida"," ","1994-10-09","PIAZZA ITALIA 16","30102","CINISELLO BALSAMO","Lombardia","Italia","CRTID068","GDAFNC94A09H975Y","Architetto"," "," "," ","3467654321","0"," "," ","2025-09-14 13:47:49","Male"," "," ","5","0","francesco.guida@example.com"," "," "," "," "," "," "," "," "," "," "," ","0000-00-00 00:00:00","68","68"," "," "," "," "," "," "," "," "," "," "," ","0"," "," "," "," "," "," "," "," "," "," "," "," "," "," "," "," ","standard","2025-09-14 13:42:29","0000-00-00","NO","0000-00-00"," "," "," "," "," "," "," ","0000-00-00 00:00:00"," ","0"," "," "," ","active","Milano"," "," "," "," "," "," "," "," "," "," "," "," "," "," "," "," "," "," "," "," "," "," ","22"," "," "," "," "," "," ","1","1"," "," ","2025-09-14 16:41:44"
"69","ü‡cy‰BøúxP◊6–Ñ"," ","italian"," ","Giorgia","Visconti"," ","1992-02-22","VIA DELL'INDIPENDENZA 113","50102","CORSICO","Lombardia","Italia","CRTID069","VSTGRG92B63D689B","Infermiera"," "," "," ","3358765432","0"," "," ","2025-09-14 13:50:18","Female"," "," ","7","0","giorgia.visconti@example.com"," "," "," "," "," "," "," "," "," "," "," ","0000-00-00 00:00:00","69","69"," "," "," "," "," "," "," "," "," "," "," ","0"," "," "," "," "," "," "," "," "," "," "," "," "," "," "," "," ","standard","2025-09-14 00:34:43","0000-00-00","NO","0000-00-00"," "," "," "," "," "," "," ","0000-00-00 00:00:00"," ","0"," "," "," ","active","Milano"," "," "," "," "," "," "," "," "," "," "," "," "," "," "," "," "," "," "," "," "," "," ","17"," "," "," "," "," "," ","1","1"," "," ","2025-09-14 16:41:44"
"70","ü‡cy‰N'®„îDT”∏R"," ","italian"," ","Niccol√≤","Martella"," ","1988-07-04","PIAZZA DEI FERRI 37","20102","VIMERCATE","Lombardia","Italia","CRTID070","MRTNCL88L04C312T","Commerciante"," "," "," ","3392345678","0"," "," ","2025-09-14 13:38:20","Male"," "," ","7","0","niccol√≤.martella@example.com"," "," "," "," "," "," "," "," "," "," "," ","0000-00-00 00:00:00","70","70"," "," "," "," "," "," "," "," "," "," "," ","0"," "," "," "," "," "," "," "," "," "," "," "," "," "," "," "," ","standard","2025-09-14 13:38:20","0000-00-00","NO","0000-00-00"," "," "," "," "," "," "," ","0000-00-00 00:00:00"," ","0"," "," "," ","active","Monza Brianza"," "," "," "," "," "," "," "," "," "," "," "," "," "," "," "," "," "," "," "," "," "," ","31"," "," "," "," "," "," ","1","1"," "," ","2025-09-14 16:41:44"
"71","ü‡cy‰G…Üœ∂PÊP
˛"," ","italian"," ","Greta","Di Marco"," ","1990-02-25","CORSO DEI CAMPI 104","50101","SARONNO","Lombardia","Italia","CRTID071","DMRGTA90D25H045Y","Ricercatore"," "," "," ","3465678901","0"," "," ","2025-09-14 13:48:38","Female"," "," ","7","0","greta.dimanco@example.com"," "," "," "," "," "," "," "," "," "," "," ","0000-00-00 00:00:00","71","71"," "," "," "," "," "," "," "," "," "," "," ","0"," "," "," "," "," "," "," "," "," "," "," "," "," "," "," "," ","standard","2025-09-14 13:40:47","0000-00-00","NO","0000-00-00"," "," "," "," "," "," "," ","0000-00-00 00:00:00"," ","0"," "," "," ","active","Varese"," "," "," "," "," "," "," "," "," "," "," "," "," "," "," "," "," "," "," "," "," "," ","17"," "," "," "," "," "," ","1","1"," "," ","2025-09-14 16:41:44"
"72","ü‡cy‰!HPÉ≈xË\∏y"," ","italian"," ","Marco","Bello"," ","1983-08-30","CORSO GARIBALDI 148","100","CARONNO PERTUSELLA","Lombardia","Italia","CRTID072","BLLMRC83M30H098U","Avvocato"," "," "," ","3398765432","0"," "," ","2025-09-14 13:47:50","Male"," "," ","5","0","marco.bello@example.com"," "," "," "," "," "," "," "," "," "," "," ","0000-00-00 00:00:00","72","72"," "," "," "," "," "," "," "," "," "," "," ","0"," "," "," "," "," "," "," "," "," "," "," "," "," "," "," "," ","standard","2025-09-14 13:42:30","0000-00-00","NO","0000-00-00"," "," "," "," "," "," "," ","0000-00-00 00:00:00"," ","0"," "," "," ","active","Varese"," "," "," "," "," "," "," "," "," "," "," "," "," "," "," "," "," "," "," "," "," "," ","23"," "," "," "," "," "," ","1","1"," "," ","2025-09-14 16:41:44"
"73","ü‡cy‰%Irú∞⁄‰ß:"," ","italian"," ","Carlotta","Giotto"," ","1994-04-16","VIA DELLA LIBERT√Ä 139","95102","MILANO","Lombardia","Italia","CRTID073","GTTCRL94D16H365H","Fisioterapista"," "," "," ","3352345678","0"," "," ","2025-09-14 13:50:19","Female"," "," ","5","0","carlotta.giotto@example.com"," "," "," "," "," "," "," "," "," "," "," ","0000-00-00 00:00:00","73","73"," "," "," "," "," "," "," "," "," "," "," ","0"," "," "," "," "," "," "," "," "," "," "," "," "," "," "," "," ","standard","2025-09-14 00:34:44","0000-00-00","NO","0000-00-00"," "," "," "," "," "," "," ","0000-00-00 00:00:00"," ","0"," "," "," ","active","Milano"," "," "," "," "," "," "," "," "," "," "," "," "," "," "," "," "," "," "," "," "," "," ","18"," "," "," "," "," "," ","1","1"," "," ","2025-09-14 16:41:44"
"74","ü‡cy‰)Jó∑é„„·ÈXC"," ","italian"," ","Ernesto","Rossi"," ","1988-10-21","VIALE DELLE BELLE ARTI 178","40101","MILANO","Lombardia","Italia","CRTID074","RSSRNT88D21H473H","Ingegnere"," "," "," ","3386789012","0"," "," ","2025-09-14 13:38:21","Male"," "," ","6","0","ernesto.rossi@example.com"," "," "," "," "," "," "," "," "," "," "," ","0000-00-00 00:00:00","74","74"," "," "," "," "," "," "," "," "," "," "," ","0"," "," "," "," "," "," "," "," "," "," "," "," "," "," "," "," ","standard","2025-09-14 13:38:21","0000-00-00","NO","0000-00-00"," "," "," "," "," "," "," ","0000-00-00 00:00:00"," ","0"," "," "," ","active","Milano"," "," "," "," "," "," "," "," "," "," "," "," "," "," "," "," "," "," "," "," "," "," ","32"," "," "," "," "," "," ","1","1"," "," ","2025-09-14 16:41:44"
"75","ü‡cy‰+J=∏õ’0*Lgq"," ","italian"," ","Sofia","Longhini"," ","1992-07-12","PIAZZA DEI PASTORI 150","50103","PADERNO DUGNANO","Lombardia","Italia","CRTID075","LNGSFA92H62C485F","Artist"," "," "," ","3358765432","0"," "," ","2025-09-14 13:48:39","Female"," "," ","7","0","sofia.longhini@example.com"," "," "," "," "," "," "," "," "," "," "," ","0000-00-00 00:00:00","75","75"," "," "," "," "," "," "," "," "," "," "," ","0"," "," "," "," "," "," "," "," "," "," "," "," "," "," "," "," ","standard","2025-09-14 13:40:48","0000-00-00","NO","0000-00-00"," "," "," "," "," "," "," ","0000-00-00 00:00:00"," ","0"," "," "," ","active","Milano"," "," "," "," "," "," "," "," "," "," "," "," "," "," "," "," "," "," "," "," "," "," ","18"," "," "," "," "," "," ","1","1"," "," ","2025-09-14 16:41:44"
"76","ü‡cy‰.J""ºåﬁVBëÈÃ"," ","italian"," ","Luca","Criscuolo"," ","1985-01-15","VIALE DELLA REPUBBLICA 188","10102","CINISELLO BALSAMO","Lombardia","Italia","CRTID076","CRSLCU85A15H132W","Chef"," "," "," ","3392345678","0"," "," ","2025-09-14 13:47:51","Male"," "," ","7","0","luca.criscuolo@example.com"," "," "," "," "," "," "," "," "," "," "," ","0000-00-00 00:00:00","76","76"," "," "," "," "," "," "," "," "," "," "," ","0"," "," "," "," "," "," "," "," "," "," "," "," "," "," "," "," ","standard","2025-09-14 13:42:31","0000-00-00","NO","0000-00-00"," "," "," "," "," "," "," ","0000-00-00 00:00:00"," ","0"," "," "," ","active","Milano"," "," "," "," "," "," "," "," "," "," "," "," "," "," "," "," "," "," "," "," "," "," ","24"," "," "," "," "," "," ","1","1"," "," ","2025-09-14 16:41:44"
"77","ü‡cy‰0D≠•Y'Æ⁄k¶"," ","italian"," ","Isabella","Borrelli"," ","1989-10-02","CORSO DEI MARTIRI 70","20103","CORSICO","Lombardia","Italia","CRTID077","BURLSB89N29A954D","Fisioterapista"," "," "," ","3351234567","0"," "," ","2025-09-14 13:50:20","Female"," "," ","5","0","isabella.borrelli@example.com"," "," "," "," "," "," "," "," "," "," "," ","0000-00-00 00:00:00","77","77"," "," "," "," "," "," "," "," "," "," "," ","0"," "," "," "," "," "," "," "," "," "," "," "," "," "," "," "," ","standard","2025-09-14 00:34:45","0000-00-00","NO","0000-00-00"," "," "," "," "," "," "," ","0000-00-00 00:00:00"," ","0"," "," "," ","active","Milano"," "," "," "," "," "," "," "," "," "," "," "," "," "," "," "," "," "," "," "," "," "," ","19"," "," "," "," "," "," ","1","1"," "," ","2025-09-14 16:41:44"
"78","ü‡cy‰2O‰´ù·Ê2:%"""," ","italian"," ","Leonardo","Nugnes"," ","1994-01-10","VIA DELLE ROSE 172","50100","MILANO","Lombardia","Italia","CRTID078","NUGLND94A10F321H","Insegnante"," "," "," ","3345678901","0"," "," ","2025-09-14 13:38:22","Male"," "," ","7","0","leonardo.nugnes@example.com"," "," "," "," "," "," "," "," "," "," "," ","0000-00-00 00:00:00","78","78"," "," "," "," "," "," "," "," "," "," "," ","0"," "," "," "," "," "," "," "," "," "," "," "," "," "," "," "," ","standard","2025-09-14 13:38:22","0000-00-00","NO","0000-00-00"," "," "," "," "," "," "," ","0000-00-00 00:00:00"," ","0"," "," "," ","active","Milano"," "," "," "," "," "," "," "," "," "," "," "," "," "," "," "," "," "," "," "," "," "," ","33"," "," "," "," "," "," ","1","1"," "," ","2025-09-14 16:41:44"
"79","ü‡cy‰5A:≠†d£±F"," ","italian"," ","Francesca","Zamboni"," ","1991-08-05","PIAZZA GARIBALDI 95","40103","MILANO","Lombardia","Italia","CRTID079","ZMBFNC91C65F134P","Urbanista"," "," "," ","3467890123","0"," "," ","2025-09-14 13:48:40","Female"," "," ","5","0","francesca.zamboni@example.com"," "," "," "," "," "," "," "," "," "," "," ","0000-00-00 00:00:00","79","79"," "," "," "," "," "," "," "," "," "," "," ","0"," "," "," "," "," "," "," "," "," "," "," "," "," "," "," "," ","standard","2025-09-14 13:40:49","0000-00-00","NO","0000-00-00"," "," "," "," "," "," "," ","0000-00-00 00:00:00"," ","0"," "," "," ","active","Milano"," "," "," "," "," "," "," "," "," "," "," "," "," "," "," "," "," "," "," "," "," "," ","19"," "," "," "," "," "," ","1","1"," "," ","2025-09-14 16:41:44"
"80","ü‡cy‰7L>Ω$Oﬂò0"," ","italian"," ","Marco","Tassini"," ","1980-09-16","CORSO DELL'INDIPENDENZA 77","10106","PADERNO DUGNANO","Lombardia","Italia","CRTID080","TSSMRC80P16H654F","Progettista"," "," "," ","3396789012","0"," "," ","2025-09-14 13:47:52","Male"," "," ","6","0","marco.tassini@example.com"," "," "," "," "," "," "," "," "," "," "," ","0000-00-00 00:00:00","80","80"," "," "," "," "," "," "," "," "," "," "," ","0"," "," "," "," "," "," "," "," "," "," "," "," "," "," "," "," ","standard","2025-09-14 13:42:32","0000-00-00","NO","0000-00-00"," "," "," "," "," "," "," ","0000-00-00 00:00:00"," ","0"," "," "," ","active","Milano"," "," "," "," "," "," "," "," "," "," "," "," "," "," "," "," "," "," "," "," "," "," ","25"," "," "," "," "," "," ","1","1"," "," ","2025-09-14 16:41:44"
"81","ü‡cy‰9I∆ñ‹R0A9"," ","italian"," ","Celeste","Toni"," ","1986-11-05","PIAZZA DELLA LIBERT√Ä 145","95101","CINISELLO BALSAMO","Lombardia","Italia","CRTID081","TNCCST86L65D098R","Psicologo"," "," "," ","3346789012","0"," "," ","2025-09-14 13:50:21","Female"," "," ","7","0","celeste.toni@example.com"," "," "," "," "," "," "," "," "," "," "," ","0000-00-00 00:00:00","81","81"," "," "," "," "," "," "," "," "," "," "," ","0"," "," "," "," "," "," "," "," "," "," "," "," "," "," "," "," ","standard","2025-09-14 00:34:46","0000-00-00","NO","0000-00-00"," "," "," "," "," "," "," ","0000-00-00 00:00:00"," ","0"," "," "," ","active","Milano"," "," "," "," "," "," "," "," "," "," "," "," "," "," "," "," "," "," "," "," "," "," ","20"," "," "," "," "," "," ","1","1"," "," ","2025-09-14 16:41:44"
"82","ü‡cy‰;MâÊªÙwñ"," ","italian"," ","Davide","Foschi"," ","1993-06-13","VIA DELLA VERDE 53","16100","CORSICO","Lombardia","Italia","CRTID082","FSCVDV93H63B394D","Geologo"," "," "," ","3398765432","0"," "," ","2025-09-14 13:38:23","Male"," "," ","6","0","davide.foschi@example.com"," "," "," "," "," "," "," "," "," "," "," ","0000-00-00 00:00:00","82","82"," "," "," "," "," "," "," "," "," "," "," ","0"," "," "," "," "," "," "," "," "," "," "," "," "," "," "," "," ","standard","2025-09-14 13:38:23","0000-00-00","NO","0000-00-00"," "," "," "," "," "," "," ","0000-00-00 00:00:00"," ","0"," "," "," ","active","Milano"," "," "," "," "," "," "," "," "," "," "," "," "," "," "," "," "," "," "," "," "," "," ","34"," "," "," "," "," "," ","1","1"," "," ","2025-09-14 16:41:44"
"83","ü‡cy‰>G|õŸä™$Ú‹"," ","italian"," ","Giulia","Cerino"," ","1992-10-11","VIA DEI GIARDINI 166","70105","VIMERCATE","Lombardia","Italia","CRTID083","CRNGGL92A12D987A","Designer"," "," "," ","3354321098","0"," "," ","2025-09-14 13:48:41","Female"," "," ","5","0","giulia.cerino@example.com"," "," "," "," "," "," "," "," "," "," "," ","0000-00-00 00:00:00","83","83"," "," "," "," "," "," "," "," "," "," "," ","0"," "," "," "," "," "," "," "," "," "," "," "," "," "," "," "," ","standard","2025-09-14 13:40:50","0000-00-00","NO","0000-00-00"," "," "," "," "," "," "," ","0000-00-00 00:00:00"," ","0"," "," "," ","active","Monza Brianza"," "," "," "," "," "," "," "," "," "," "," "," "," "," "," "," "," "," "," "," "," "," ","20"," "," "," "," "," "," ","1","1"," "," ","2025-09-14 16:41:44"
"84","ü‡cy‰@@˘£≤˙Ò}«∂Ö"," ","italian"," ","Salvatore","D'Achille"," ","1987-12-20","VIALE DELL'ULTIMO 97","101","SARONNO","Lombardia","Italia","CRTID084","DCHSLV87T20D001I","Funzionario"," "," "," ","3365678901","0"," "," ","2025-09-14 13:47:53","Male"," "," ","7","0","salvatore.dachille@example.com"," "," "," "," "," "," "," "," "," "," "," ","0000-00-00 00:00:00","84","84"," "," "," "," "," "," "," "," "," "," "," ","0"," "," "," "," "," "," "," "," "," "," "," "," "," "," "," "," ","standard","2025-09-14 13:42:33","0000-00-00","NO","0000-00-00"," "," "," "," "," "," "," ","0000-00-00 00:00:00"," ","0"," "," "," ","active","Varese"," "," "," "," "," "," "," "," "," "," "," "," "," "," "," "," "," "," "," "," "," "," ","26"," "," "," "," "," "," ","1","1"," "," ","2025-09-14 16:41:44"
"85","ü‡cy‰BLZ∂Íßeµ“?"," ","italian"," ","Valentina","Gentile"," ","1984-07-08","CORSO DELLA LIBERT√Ä 101","95102","BOLLATE","Lombardia","Italia","CRTID085","GTNVAL84L49A365A","Contabile"," "," "," ","3396789012","0"," "," ","2025-09-14 13:50:22","Female"," "," ","6","0","valentina.gentile@example.com"," "," "," "," "," "," "," "," "," "," "," ","0000-00-00 00:00:00","85","85"," "," "," "," "," "," "," "," "," "," "," ","0"," "," "," "," "," "," "," "," "," "," "," "," "," "," "," "," ","standard","2025-09-14 00:34:47","0000-00-00","NO","0000-00-00"," "," "," "," "," "," "," ","0000-00-00 00:00:00"," ","0"," "," "," ","active","Milano"," "," "," "," "," "," "," "," "," "," "," "," "," "," "," "," "," "," "," "," "," "," ","21"," "," "," "," "," "," ","1","1"," "," ","2025-09-14 16:41:44"
"86","ü‡cy‰DN|ß‡x;©Å™"," ","italian"," ","Luca","Sassini"," ","1995-01-13","VIALE ITALIA 153","50103","NOVATE","Lombardia","Italia","CRTID086","SNNLCU95A13H541S","Segretario"," "," "," ","3467890123","0"," "," ","2025-09-14 13:38:24","Male"," "," ","5","0","luca.sassini@example.com"," "," "," "," "," "," "," "," "," "," "," ","0000-00-00 00:00:00","86","86"," "," "," "," "," "," "," "," "," "," "," ","0"," "," "," "," "," "," "," "," "," "," "," "," "," "," "," "," ","standard","2025-09-14 13:38:24","0000-00-00","NO","0000-00-00"," "," "," "," "," "," "," ","0000-00-00 00:00:00"," ","0"," "," "," ","active","Milano"," "," "," "," "," "," "," "," "," "," "," "," "," "," "," "," "," "," "," "," "," "," ","35"," "," "," "," "," "," ","1","1"," "," ","2025-09-14 16:41:44"
"87","ü‡cy‰GJ ú¡Ô-ë»˜ı"," ","italian"," ","Ginevra","Volpi"," ","1992-04-24","VIA ROMA 172","40103","MILANO","Lombardia","Italia","CRTID087","VLPGNV92D64M651A","Geologa"," "," "," ","3345678901","0"," "," ","2025-09-14 13:48:42","Female"," "," ","5","0","ginevra.volpi@example.com"," "," "," "," "," "," "," "," "," "," "," ","0000-00-00 00:00:00","87","87"," "," "," "," "," "," "," "," "," "," "," ","0"," "," "," "," "," "," "," "," "," "," "," "," "," "," "," "," ","standard","2025-09-14 13:40:51","0000-00-00","NO","0000-00-00"," "," "," "," "," "," "," ","0000-00-00 00:00:00"," ","0"," "," "," ","active","Milano"," "," "," "," "," "," "," "," "," "," "," "," "," "," "," "," "," "," "," "," "," "," ","21"," "," "," "," "," "," ","1","1"," "," ","2025-09-14 16:41:44"
"88","ü‡cy‰ICÂüc®í”"," ","italian"," ","Daniele","Galli"," ","1989-06-15","PIAZZA DELLE VILLE 144","95101","BRESSO","Lombardia","Italia","CRTID088","GLLDNL89F15D431R","Designer"," "," "," ","3391234567","0"," "," ","2025-09-14 13:47:54","Male"," "," ","7","0","daniele.galli@example.com"," "," "," "," "," "," "," "," "," "," "," ","0000-00-00 00:00:00","88","88"," "," "," "," "," "," "," "," "," "," "," ","0"," "," "," "," "," "," "," "," "," "," "," "," "," "," "," "," ","standard","2025-09-14 13:42:34","0000-00-00","NO","0000-00-00"," "," "," "," "," "," "," ","0000-00-00 00:00:00"," ","0"," "," "," ","active","Milano"," "," "," "," "," "," "," "," "," "," "," "," "," "," "," "," "," "," "," "," "," "," ","27"," "," "," "," "," "," ","1","1"," "," ","2025-09-14 16:41:44"
"89","ü‡cy‰KMè£NÇÃQ,"," ","italian"," ","Teresa","Mauri"," ","1990-10-07","VIA ROMA 148","50101","SESTO SAN GIOVANNI","Lombardia","Italia","CRTID089","MRTTRS90D07F650D","Ballerina"," "," "," ","3369876543","0"," "," ","2025-09-14 13:50:23","Female"," "," ","5","0","teresa.mauri@example.com"," "," "," "," "," "," "," "," "," "," "," ","0000-00-00 00:00:00","89","89"," "," "," "," "," "," "," "," "," "," "," ","0"," "," "," "," "," "," "," "," "," "," "," "," "," "," "," "," ","standard","2025-09-14 00:34:48","0000-00-00","NO","0000-00-00"," "," "," "," "," "," "," ","0000-00-00 00:00:00"," ","0"," "," "," ","active","Milano"," "," "," "," "," "," "," "," "," "," "," "," "," "," "," "," "," "," "," "," "," "," ","22"," "," "," "," "," "," ","1","1"," "," ","2025-09-14 16:41:44"
"90","ü‡cy‰MDÂá%™Jœ€ ˚"," ","italian"," ","Luca","Caputo"," ","1985-08-22","CORSO SOLA 41","10101","PERO","Lombardia","Italia","CRTID090","CPTLUC85M22D946J","Psicologo"," "," "," ","3475678901","0"," "," ","2025-09-14 13:38:25","Male"," "," ","5","0","luca.caputo@example.com"," "," "," "," "," "," "," "," "," "," "," ","0000-00-00 00:00:00","90","90"," "," "," "," "," "," "," "," "," "," "," ","0"," "," "," "," "," "," "," "," "," "," "," "," "," "," "," "," ","standard","2025-09-14 13:38:25","0000-00-00","NO","0000-00-00"," "," "," "," "," "," "," ","0000-00-00 00:00:00"," ","0"," "," "," ","active","Milano"," "," "," "," "," "," "," "," "," "," "," "," "," "," "," "," "," "," "," "," "," "," ","36"," "," "," "," "," "," ","1","1"," "," ","2025-09-14 16:41:44"
"91","ü‡cy‰PNW¨≠=gº’"," ","italian"," ","Alessandra","Colomba"," ","1996-08-30","VIA DELLE ROSE 115","89103","CORMANO","Lombardia","Italia","CRTID091","CLBLSA96D54M894T","Direttore"," "," "," ","3356789012","0"," "," ","2025-09-14 13:48:43","Female"," "," ","6","0","alessandra.colomba@example.com"," "," "," "," "," "," "," "," "," "," "," ","0000-00-00 00:00:00","91","91"," "," "," "," "," "," "," "," "," "," "," ","0"," "," "," "," "," "," "," "," "," "," "," "," "," "," "," "," ","standard","2025-09-14 13:40:52","0000-00-00","NO","0000-00-00"," "," "," "," "," "," "," ","0000-00-00 00:00:00"," ","0"," "," "," ","active","Milano"," "," "," "," "," "," "," "," "," "," "," "," "," "," "," "," "," "," "," "," "," "," ","22"," "," "," "," "," "," ","1","1"," "," ","2025-09-14 16:41:44"
"92","ü‡cy‰RLrâ2ËŸn‹πq"," ","italian"," ","Andrea","Catone"," ","1987-06-16","VIALE DELLA LIBERT√Ä 115","50104","CORMANO","Lombardia","Italia","CRTID092","CTNDRN87D16H120S","Chef"," "," "," ","3398765432","0"," "," ","2025-09-14 13:47:55","Male"," "," ","5","0","andrea.catone@example.com"," "," "," "," "," "," "," "," "," "," "," ","0000-00-00 00:00:00","92","92"," "," "," "," "," "," "," "," "," "," "," ","0"," "," "," "," "," "," "," "," "," "," "," "," "," "," "," "," ","standard","2025-09-14 13:42:35","0000-00-00","NO","0000-00-00"," "," "," "," "," "," "," ","0000-00-00 00:00:00"," ","0"," "," "," ","active","Milano"," "," "," "," "," "," "," "," "," "," "," "," "," "," "," "," "," "," "," "," "," "," ","28"," "," "," "," "," "," ","1","1"," "," ","2025-09-14 16:41:44"
"93","ü‡cy‰TKË¥…\WËUË"," ","italian"," ","Chiara","Bellini"," ","1990-12-29","CORSO DI CATANIA 33","95101","MILANO","Lombardia","Italia","CRTID093","BLLCHR90T29H421J","Analista"," "," "," ","3356789012","0"," "," ","2025-09-14 13:50:24","Female"," "," ","7","0","chiara.bellini@example.com"," "," "," "," "," "," "," "," "," "," "," ","0000-00-00 00:00:00","93","93"," "," "," "," "," "," "," "," "," "," "," ","0"," "," "," "," "," "," "," "," "," "," "," "," "," "," "," "," ","standard","2025-09-14 00:34:49","0000-00-00","NO","0000-00-00"," "," "," "," "," "," "," ","0000-00-00 00:00:00"," ","0"," "," "," ","active","Milano"," "," "," "," "," "," "," "," "," "," "," "," "," "," "," "," "," "," "," "," "," "," ","23"," "," "," "," "," "," ","1","1"," "," ","2025-09-14 16:41:44"
"94","ü‡cy‰VBeõ⁄›Ã∑zã˝"," ","italian"," ","Lorenzo","Di Pietro"," ","1994-08-18","VIALE DELLE TORRI 34","40102","MILANO","Lombardia","Italia","CRTID094","DPTLNZ94B18H123C","Pediatra"," "," "," ","3471234567","0"," "," ","2025-09-14 13:38:26","Male"," "," ","5","0","lorenzo.dipietro@example.com"," "," "," "," "," "," "," "," "," "," "," ","0000-00-00 00:00:00","94","94"," "," "," "," "," "," "," "," "," "," "," ","0"," "," "," "," "," "," "," "," "," "," "," "," "," "," "," "," ","standard","2025-09-14 13:38:26","0000-00-00","NO","0000-00-00"," "," "," "," "," "," "," ","0000-00-00 00:00:00"," ","0"," "," "," ","active","Milano"," "," "," "," "," "," "," "," "," "," "," "," "," "," "," "," "," "," "," "," "," "," ","37"," "," "," "," "," "," ","1","1"," "," ","2025-09-14 16:41:44"
"95","ü‡cy‰XB&™a¸.íS˙U"," ","italian"," ","Serena","Montalto"," ","1983-11-21","CORSO DI GRAMSCI 19","95102","PADERNO DUGNANO","Lombardia","Italia","CRTID095","MNTSRN83B21D456Y","Farmacista"," "," "," ","3366789012","0"," "," ","2025-09-14 13:48:44","Female"," "," ","5","0","serena.montalto@example.com"," "," "," "," "," "," "," "," "," "," "," ","0000-00-00 00:00:00","95","95"," "," "," "," "," "," "," "," "," "," "," ","0"," "," "," "," "," "," "," "," "," "," "," "," "," "," "," "," ","standard","2025-09-14 13:40:53","0000-00-00","NO","0000-00-00"," "," "," "," "," "," "," ","0000-00-00 00:00:00"," ","0"," "," "," ","active","Milano"," "," "," "," "," "," "," "," "," "," "," "," "," "," "," "," "," "," "," "," "," "," ","23"," "," "," "," "," "," ","1","1"," "," ","2025-09-14 16:41:44"
"96","ü‡cy‰[Aûê[¥IM∂ä"," ","italian"," ","Fabio","Fertelli"," ","1989-07-05","CORSO DEI CAMPI 157","50102","CINISELLO BALSAMO","Lombardia","Italia","CRTID096","FRTFLB89D05K789F","Commercialista"," "," "," ","3445678909","0"," "," ","2025-09-14 13:47:56","Male"," "," ","6","0","fabio.fertelli@example.com"," "," "," "," "," "," "," "," "," "," "," ","0000-00-00 00:00:00","96","96"," "," "," "," "," "," "," "," "," "," "," ","0"," "," "," "," "," "," "," "," "," "," "," "," "," "," "," "," ","standard","2025-09-14 13:42:36","0000-00-00","NO","0000-00-00"," "," "," "," "," "," "," ","0000-00-00 00:00:00"," ","0"," "," "," ","active","Milano"," "," "," "," "," "," "," "," "," "," "," "," "," "," "," "," "," "," "," "," "," "," ","29"," "," "," "," "," "," ","1","1"," "," ","2025-09-14 16:41:44"
"97","ü‡cy‰]Gı∏b∫5ùÿ[à"," ","italian"," ","Ginevra","Bertoli"," ","1991-05-22","VIALE DELLE ARTI 39","40100","CORSICO","Lombardia","Italia","CRTID097","BRTLNG91C23H236K","Ricercatrice"," "," "," ","3351234567","0"," "," ","2025-09-14 13:50:25","Female"," "," ","5","0","ginevra.bertoli@example.com"," "," "," "," "," "," "," "," "," "," "," ","0000-00-00 00:00:00","97","97"," "," "," "," "," "," "," "," "," "," "," ","0"," "," "," "," "," "," "," "," "," "," "," "," "," "," "," "," ","standard","2025-09-14 00:34:50","0000-00-00","NO","0000-00-00"," "," "," "," "," "," "," ","0000-00-00 00:00:00"," ","0"," "," "," ","active","Milano"," "," "," "," "," "," "," "," "," "," "," "," "," "," "," "," "," "," "," "," "," "," ","24"," "," "," "," "," "," ","1","1"," "," ","2025-09-14 16:41:44"
"98","ü‡cy‰_O!ïr%7˙^1"," ","italian"," ","Mirco","Caputi"," ","1992-01-30","VIA DELLA LIBERT√Ä 53","10103","VIMERCATE","Lombardia","Italia","CRTID098","CPTMRC92A30Z810T","Sviluppatore"," "," "," ","3472345678","0"," "," ","2025-09-14 13:38:27","Male"," "," ","6","0","mirco.caputi@example.com"," "," "," "," "," "," "," "," "," "," "," ","0000-00-00 00:00:00","98","98"," "," "," "," "," "," "," "," "," "," "," ","0"," "," "," "," "," "," "," "," "," "," "," "," "," "," "," "," ","standard","2025-09-14 13:38:27","0000-00-00","NO","0000-00-00"," "," "," "," "," "," "," ","0000-00-00 00:00:00"," ","0"," "," "," ","active","Monza Brianza"," "," "," "," "," "," "," "," "," "," "," "," "," "," "," "," "," "," "," "," "," "," ","38"," "," "," "," "," "," ","1","1"," "," ","2025-09-14 16:41:44"
"99","ü‡cy‰aC»åa≤´g≤Ã"," ","italian"," ","Silvia","Setti"," ","1996-08-19","PIAZZA DELLA LIBERT√Ä 63","50100","SARONNO","Lombardia","Italia","CRTID099","STTSLV96C58F659P","Scrittrice"," "," "," ","3351236781","0"," "," ","2025-09-14 13:48:45","Female"," "," ","6","0","silvia.setti@example.com"," "," "," "," "," "," "," "," "," "," "," ","0000-00-00 00:00:00","99","99"," "," "," "," "," "," "," "," "," "," "," ","0"," "," "," "," "," "," "," "," "," "," "," "," "," "," "," "," ","standard","2025-09-14 13:40:54","0000-00-00","NO","0000-00-00"," "," "," "," "," "," "," ","0000-00-00 00:00:00"," ","0"," "," "," ","active","Varese"," "," "," "," "," "," "," "," "," "," "," "," "," "," "," "," "," "," "," "," "," "," ","24"," "," "," "," "," "," ","1","1"," "," ","2025-09-14 16:41:44"
"100","ü‡cy‰dCÉã'pxëÁ‘`"," ","italian"," ","Davide","Astori"," ","1993-10-15","VIALE DELLE GONZ√ÅLEZ 187","95102","BOLLATE","Lombardia","Italia","CRTID100","ASTDAV93D15M895N","Medico"," "," "," ","3345678901","0"," "," ","2025-09-14 13:47:57","Male"," "," ","6","0","davide.astori@example.com"," "," "," "," "," "," "," "," "," "," "," ","0000-00-00 00:00:00","100","100"," "," "," "," "," "," "," "," "," "," "," ","0"," "," "," "," "," "," "," "," "," "," "," "," "," "," "," "," ","standard","2025-09-14 13:42:37","0000-00-00","NO","0000-00-00"," "," "," "," "," "," "," ","0000-00-00 00:00:00"," ","0"," "," "," ","active","Milano"," "," "," "," "," "," "," "," "," "," "," "," "," "," "," "," "," "," "," "," "," "," ","30"," "," "," "," "," "," ","1","1"," "," ","2025-09-14 16:41:44"
"101","ü‡cy‰fLˇø`—5˝Àd"," ","italian"," ","Chiarra","Severino"," ","1994-07-11","CORSO GARIBALDI 81","40101","NOVATE","Lombardia","Italia","CRTID101","SEVCHR94H11E124Q","Giornalista"," "," "," ","3359876543","0"," "," ","2025-09-14 13:50:26","Female"," "," ","6","0","chiarra.severino@example.com"," "," "," "," "," "," "," "," "," "," "," ","0000-00-00 00:00:00","101","101"," "," "," "," "," "," "," "," "," "," "," ","0"," "," "," "," "," "," "," "," "," "," "," "," "," "," "," "," ","standard","2025-09-14 00:34:51","0000-00-00","NO","0000-00-00"," "," "," "," "," "," "," ","0000-00-00 00:00:00"," ","0"," "," "," ","active","Milano"," "," "," "," "," "," "," "," "," "," "," "," "," "," "," "," "," "," "," "," "," "," ","25"," "," "," "," "," "," ","1","1"," "," ","2025-09-14 16:41:44"
"102","ü‡cy‰h@>Ñ◊Øh=–¶∆"," ","italian"," ","Marco","Quintavalle"," ","1988-12-24","VIA DELLA LIBERT√Ä 78","95103","MILANO","Lombardia","Italia","CRTID102","QNVMRK88Z24D677J","Dottore"," "," "," ","3391234567","0"," "," ","2025-09-14 13:38:28","Male"," "," ","7","0","marco.quintavalle@example.com"," "," "," "," "," "," "," "," "," "," "," ","0000-00-00 00:00:00","102","102"," "," "," "," "," "," "," "," "," "," "," ","0"," "," "," "," "," "," "," "," "," "," "," "," "," "," "," "," ","standard","2025-09-14 13:38:28","0000-00-00","NO","0000-00-00"," "," "," "," "," "," "," ","0000-00-00 00:00:00"," ","0"," "," "," ","active","Milano"," "," "," "," "," "," "," "," "," "," "," "," "," "," "," "," "," "," "," "," "," "," ","29"," "," "," "," "," "," ","1","1"," "," ","2025-09-14 16:41:44"
"103","ü‡cy‰jH:óN§°‡£ŒW"," ","italian"," ","Alice","Abbate"," ","1990-04-05","PIAZZA MAGGIORE 198","10102","BRESSO","Lombardia","Italia","CRTID103","ABTLCE90D05H703K","Traduttrice"," "," "," ","3352345678","0"," "," ","2025-09-14 13:48:46","Female"," "," ","7","0","alice.abbate@example.com"," "," "," "," "," "," "," "," "," "," "," ","0000-00-00 00:00:00","103","103"," "," "," "," "," "," "," "," "," "," "," ","0"," "," "," "," "," "," "," "," "," "," "," "," "," "," "," "," ","standard","2025-09-14 13:40:55","0000-00-00","NO","0000-00-00"," "," "," "," "," "," "," ","0000-00-00 00:00:00"," ","0"," "," "," ","active","Milano"," "," "," "," "," "," "," "," "," "," "," "," "," "," "," "," "," "," "," "," "," "," ","24"," "," "," "," "," "," ","1","1"," "," ","2025-09-14 16:41:44"
"104","ü‡cy‰lEá∂√ï4Á*≤"," ","italian"," ","Giovanni","Laghetti"," ","1991-05-20","CORSO DEGLI ARTI 129","20102","SESTO SAN GIOVANNI","Lombardia","Italia","CRTID104","LGHGVN91E20H415M","Docente"," "," "," ","3476543212","0"," "," ","2025-09-14 13:47:58","Male"," "," ","7","0","giovanni.laghetti@example.com"," "," "," "," "," "," "," "," "," "," "," ","0000-00-00 00:00:00","104","104"," "," "," "," "," "," "," "," "," "," "," ","0"," "," "," "," "," "," "," "," "," "," "," "," "," "," "," "," ","standard","2025-09-14 13:42:38","0000-00-00","NO","0000-00-00"," "," "," "," "," "," "," ","0000-00-00 00:00:00"," ","0"," "," "," ","active","Milano"," "," "," "," "," "," "," "," "," "," "," "," "," "," "," "," "," "," "," "," "," "," ","38"," "," "," "," "," "," ","1","1"," "," ","2025-09-14 16:41:44"
